object_id,org_size
1,67
2,146
3,12
4,106
5,3
6,9
7,6
8,19
9,12
10,6
11,28
12,21
13,23
14,50
15,12
16,4
17,22
18,103
19,133
20,32
21,5
22,92
23,9
24,10
25,21
26,19
27,20
28,40
29,12
30,6
31,12
32,14
33,15
34,44
35,29
36,22
38,26
39,12
40,193
41,36
42,3
43,10
44,85
45,145
46,16
48,16
49,6
51,178
52,285
53,12
54,6
55,1
56,11
57,27
58,4
59,14
60,34
61,15
62,9
63,10
64,44
65,9
66,17
67,22
68,90
69,1
70,23
71,5
72,5
73,6
74,8
75,16
76,34
77,7
78,1
79,5
80,34
81,8
82,10
83,6
84,71
85,16
86,5
87,23
88,6
89,4
90,59
91,6
92,13
93,4
94,17
95,31
96,18
97,94
98,23
99,5
100,9
101,6
102,7
103,12
104,21
105,4
106,4
107,35
108,7
109,4
110,7
111,28
112,3
113,23
114,27
115,18
116,38
117,22
118,57
119,3
120,12
122,13
123,21
124,4
125,6
126,18
127,20
128,40
129,4
130,1
131,10
132,7
133,13
134,72
135,14
136,29
137,11
138,7
139,13
140,18
141,12
142,26
144,7
145,12
146,11
147,30
148,169
149,4
150,103
151,22
152,14
153,10
154,58
155,5
156,21
157,20
158,31
159,13
160,22
161,69
162,57
163,226
164,2
165,6
166,12
167,14
168,5
169,14
170,19
171,25
172,8
173,67
174,15
175,1
176,16
177,4
179,24
180,18
181,3
182,16
183,25
184,44
185,20
186,16
187,18
188,48
189,8
190,1
191,165
192,12
193,3
194,6
195,12
196,130
197,1
198,8
199,20
200,14
201,10
202,72
203,5
204,20
205,35
206,43
207,3
208,11
209,12
210,9
211,138
212,6
213,30
214,3
215,58
216,48
217,13
218,16
219,13
220,2
221,28
222,26
223,21
224,113
225,16
226,13
227,14
228,57
229,1
230,5
231,6
232,127
233,15
234,23
235,75
236,49
237,88
238,4
239,33
240,21
241,3
242,18
243,52
244,7
245,12
246,9
247,19
248,59
249,12
250,11
251,14
252,29
253,25
254,60
255,7
256,2
257,11
258,24
259,153
260,6
261,22
262,20
263,17
265,12
266,14
267,26
268,44
269,14
270,4
271,109
272,4
273,1
274,19
275,22
276,87
277,130
278,52
279,9
280,9
281,20
282,12
283,14
284,13
285,33
286,20
287,10
288,2
289,20
290,28
291,58
292,73
293,316
294,4
295,2
296,52
297,14
298,53
299,12
300,31
301,43
302,1
303,17
304,6
305,17
306,7
307,8
308,52
309,65
310,7
311,11
312,5
313,51
314,11
315,8
316,26
317,11
318,33
319,56
320,12
321,1
322,14
323,109
324,14
325,21
326,8
327,12
328,11
329,8
330,31
331,4
332,37
333,14
334,91
335,27
336,1
337,12
338,38
339,11
340,10
341,99
342,30
343,5
344,142
345,56
346,79
347,8
348,1
349,7
350,5
351,24
352,116
353,123
354,5
355,17
356,140
357,21
358,33
359,51
360,27
361,17
362,1
363,129
364,10
365,82
366,15
367,3
368,5
369,11
370,12
371,11
372,7
373,27
374,4
375,15
376,1
377,8
378,5
379,6
380,2
381,18
382,10
383,84
384,15
385,7
386,2
387,5
388,26
389,2
390,19
391,7
393,28
394,2
395,9
396,1
397,10
398,10
399,21
400,98
401,90
402,10
403,19
404,14
405,6
406,11
407,217
409,12
410,13
411,29
412,27
413,10
414,13
415,53
416,11
417,26
418,20
419,25
420,5
421,35
422,3
423,55
424,20
425,10
426,10
427,9
428,11
429,3
430,4
431,2
432,20
433,16
434,12
435,18
436,7
437,9
438,10
439,89
440,18
441,22
442,9
443,93
444,21
446,10
447,1
448,149
449,14
450,5
452,8
453,30
454,2
455,8
456,10
457,36
458,21
459,42
460,13
461,12
462,32
463,7
464,2
465,5
466,9
467,13
468,22
469,16
470,1
471,3
472,16
473,2
474,12
475,12
476,16
477,17
478,13
479,38
480,11
481,48
482,21
483,11
484,13
485,2
486,13
487,3
488,96
489,50
490,6
491,6
492,27
493,7
494,6
495,66
496,1
497,2
498,19
499,10
500,34
501,49
502,38
503,18
504,17
505,8
506,16
507,112
508,292
509,3
511,9
512,47
513,157
514,43
515,32
516,172
517,18
518,52
519,134
520,20
521,5
522,86
523,19
524,58
525,135
526,5
527,202
528,71
529,86
530,4
531,16
532,132
533,19
534,16
535,7
536,4
537,7
538,30
539,41
540,4
541,30
542,40
543,29
544,1
545,1
546,14
547,14
548,4
549,10
550,68
551,2
552,88
553,2
554,96
555,12
556,11
557,19
558,12
559,36
560,268
561,7
562,17
564,23
565,1
566,16
567,8
568,6
569,30
570,16
571,58
572,36
573,1
574,5
575,11
576,19
577,10
578,20
579,5
580,23
581,7
582,38
583,33
584,13
585,8
586,43
587,27
588,5
590,2
591,25
592,17
593,1
594,10
595,171
596,4
597,1
598,17
599,84
600,5
601,67
602,5
603,5
604,1
605,4
606,16
607,13
608,2
609,35
610,93
611,18
612,16
613,9
614,1
615,128
616,20
617,11
618,20
619,18
620,66
621,13
622,33
623,3
624,19
625,19
626,37
627,21
628,14
629,13
630,125
631,12
632,5
633,6
634,52
635,16
636,81
637,45
638,14
639,8
640,111
641,11
642,9
644,3
645,5
646,2
647,15
648,17
649,5
650,42
651,1
652,7
653,22
654,16
655,19
656,9
657,9
658,15
659,12
660,141
661,288
662,28
663,8
664,1
665,20
666,213
667,23
668,8
669,10
670,58
671,40
672,3
673,15
674,110
675,5
676,7
677,77
678,5
679,7
680,11
681,25
682,33
683,16
684,19
685,51
686,53
687,53
688,26
689,10
690,1
691,13
692,77
693,3
694,8
695,6
696,11
697,3
698,220
699,14
700,29
701,4
702,21
703,47
704,3
705,7
707,30
708,32
709,17
710,16
711,11
712,29
713,65
714,12
715,44
716,6
717,16
718,16
719,11
720,34
721,62
722,9
723,7
724,3
725,7
726,4
727,78
729,80
731,10
732,14
733,20
734,1
735,22
736,9
737,37
738,33
739,21
740,16
741,26
742,41
743,3
744,45
745,104
747,40
748,12
749,13
750,148
751,9
752,8
753,19
754,16
755,181
756,18
757,17
758,26
759,128
760,35
761,12
762,7
763,2
764,49
765,39
766,106
767,37
768,91
769,34
770,16
771,48
772,3
773,93
774,28
775,5
776,8
777,16
779,12
780,57
781,209
782,22
783,3
784,2
785,25
786,12
787,16
788,10
789,2
791,76
792,112
793,4
794,2
795,20
796,26
797,4
798,48
799,4
800,13
801,2
802,9
803,15
804,20
805,9
806,14
807,4
808,187
809,11
810,19
811,18
812,5
813,13
814,29
815,10
816,82
817,7
818,25
819,93
820,12
821,23
823,19
824,5
825,91
826,15
827,78
829,12
830,8
831,293
832,41
833,3
834,51
835,44
836,4
837,23
838,11
839,14
840,12
841,24
843,37
844,12
845,5
846,38
847,9
848,6
849,9
850,6
851,12
852,19
853,2
854,23
855,4
856,15
857,18
858,54
859,84
862,41
863,57
864,208
865,14
866,43
867,4
868,8
869,10
870,3
871,6
872,8
873,25
874,29
875,3
876,11
877,6
878,13
879,1
880,12
881,5
882,9
883,11
884,9
885,5
886,29
887,6
888,33
889,22
890,20
891,54
892,34
893,1
894,10
895,5
896,47
897,61
898,3
899,4
900,11
901,11
902,25
903,18
904,16
905,33
907,5
908,20
909,1
910,196
911,6
913,9
914,24
915,19
916,54
917,16
918,9
919,62
920,21
921,15
922,6
923,10
924,17
925,18
926,8
927,67
928,10
929,12
930,62
931,28
932,4
933,24
934,10
935,9
936,1
937,9
938,2
939,43
940,10
941,48
942,34
943,28
944,16
945,11
946,9
947,20
948,24
949,5
950,3
951,23
952,21
953,8
954,13
955,7
956,97
957,18
958,8
959,4
961,1
962,4
963,8
964,6
965,24
966,6
967,5
968,29
969,5
970,29
971,8
972,19
973,17
974,29
975,2
976,36
977,23
978,26
979,6
980,1
981,3
982,308
983,16
984,8
985,2
986,21
987,23
988,10
989,26
990,10
991,31
992,12
993,88
994,23
995,10
996,88
997,59
998,53
999,14
1000,11
1001,10
1002,6
1003,14
1004,33
1005,14
1006,7
1007,189
1008,67
1009,21
1010,6
1011,14
1012,14
1013,48
1014,46
1015,39
1016,12
1017,14
1018,34
1019,9
1020,37
1021,8
1022,32
1023,15
1024,3
1025,24
1026,32
1027,1
1028,12
1029,1
1030,24
1031,24
1032,34
1033,104
1034,11
1035,13
1036,4
1037,2
1038,16
1039,4
1040,7
1041,6
1042,35
1043,7
1044,34
1045,228
1046,7
1047,4
1048,17
1049,3
1050,9
1051,20
1052,162
1053,1
1054,20
1055,3
1056,19
1057,18
1058,72
1059,42
1060,22
1061,11
1062,2
1063,15
1064,8
1065,33
1066,84
1067,14
1068,64
1069,2
1070,10
1071,20
1072,7
1073,15
1074,23
1075,5
1076,15
1077,6
1078,34
1079,8
1080,15
1081,4
1082,23
1083,1
1084,1
1085,26
1086,58
1087,18
1088,19
1089,11
1090,3
1091,19
1092,19
1093,8
1094,29
1095,2
1096,5
1097,3
1098,1
1099,4
1100,5
1101,33
1102,26
1103,16
1104,20
1105,3
1106,34
1107,53
1108,22
1109,25
1110,54
1111,10
1112,2
1113,2
1115,11
1116,192
1117,42
1118,10
1119,9
1120,47
1121,21
1122,18
1123,16
1124,1
1125,8
1126,22
1127,5
1128,75
1129,65
1130,18
1131,37
1132,21
1133,36
1134,10
1135,31
1136,13
1137,2
1138,16
1139,1
1140,6
1141,6
1142,18
1143,11
1144,4
1145,119
1146,24
1147,4
1148,10
1150,21
1151,181
1152,18
1153,12
1154,46
1155,1
1156,54
1157,22
1158,2
1159,27
1160,6
1161,16
1162,8
1163,19
1164,26
1165,65
1166,19
1167,26
1168,3
1169,9
1170,13
1171,31
1172,30
1173,12
1174,10
1176,7
1177,12
1178,18
1179,128
1180,33
1181,18
1182,35
1183,177
1184,10
1185,9
1186,42
1187,40
1188,11
1189,27
1190,41
1191,49
1192,25
1193,7
1194,2
1195,5
1196,18
1197,50
1198,5
1199,1
1200,24
1201,23
1202,1
1203,112
1204,3
1205,5
1206,14
1207,33
1208,23
1209,65
1210,25
1211,7
1212,259
1213,18
1214,18
1215,9
1216,20
1217,4
1218,4
1219,17
1220,131
1221,18
1222,9
1223,9
1224,6
1225,14
1226,3
1227,27
1228,10
1229,16
1230,3
1231,1
1232,6
1233,6
1234,36
1235,5
1236,9
1237,56
1238,61
1239,28
1240,10
1241,55
1242,37
1243,5
1244,18
1245,2
1246,20
1247,14
1248,15
1249,34
1250,15
1251,22
1252,5
1253,15
1254,9
1255,2
1256,30
1257,28
1258,99
1259,24
1260,8
1262,4
1263,14
1264,18
1265,24
1267,12
1268,7
1269,10
1270,2
1271,10
1272,13
1273,152
1274,1
1275,43
1276,5
1277,32
1278,22
1279,14
1281,24
1282,4
1283,5
1284,30
1285,119
1286,12
1287,15
1288,12
1289,18
1290,4
1291,197
1292,18
1293,8
1294,5
1295,9
1296,14
1297,30
1298,9
1299,34
1300,5
1301,167
1302,13
1303,18
1304,10
1305,6
1306,19
1307,12
1308,3
1309,112
1310,4
1311,22
1312,18
1313,30
1314,6
1315,7
1316,1
1317,31
1318,4
1319,14
1320,5
1321,1
1322,34
1323,23
1324,55
1325,33
1326,7
1327,2
1328,40
1329,28
1330,15
1331,4
1332,9
1333,3
1334,11
1335,3
1336,66
1337,3
1338,15
1339,1
1340,9
1341,51
1342,53
1343,43
1344,9
1345,6
1346,9
1347,3
1348,35
1349,8
1350,9
1351,4
1352,7
1353,5
1354,9
1355,40
1356,1
1357,6
1358,10
1359,20
1360,9
1361,23
1362,21
1363,15
1364,12
1365,17
1366,21
1367,15
1368,92
1369,5
1370,50
1371,16
1372,10
1373,45
1374,14
1375,7
1376,20
1377,62
1378,33
1379,50
1380,20
1381,2
1382,7
1383,6
1384,42
1385,2
1386,118
1387,82
1388,76
1389,20
1390,5
1391,15
1392,20
1393,13
1394,2
1395,14
1396,31
1397,24
1398,4
1399,34
1401,14
1402,23
1403,12
1404,16
1405,41
1406,19
1407,7
1408,29
1409,13
1410,24
1411,10
1412,22
1413,14
1414,19
1415,22
1416,12
1417,25
1418,9
1419,15
1420,5
1421,13
1422,45
1424,16
1425,13
1426,69
1427,8
1428,119
1429,42
1430,61
1431,7
1432,9
1433,5
1434,10
1435,205
1436,1
1437,4
1438,50
1439,23
1440,4
1441,2
1442,1
1443,7
1444,14
1445,32
1446,25
1447,13
1448,1
1449,23
1450,10
1451,26
1452,6
1453,3
1454,6
1455,4
1456,14
1457,5
1458,9
1459,6
1460,22
1461,153
1463,12
1464,3
1466,14
1467,126
1468,53
1470,34
1471,7
1472,16
1473,35
1474,15
1476,115
1477,16
1478,103
1480,12
1481,2
1482,5
1483,11
1485,29
1486,10
1487,34
1488,13
1489,10
1490,111
1491,8
1492,15
1493,10
1494,10
1495,112
1496,15
1497,6
1498,44
1499,310
1500,36
1501,25
1502,14
1503,47
1504,19
1505,28
1506,19
1507,5
1508,29
1509,5
1510,36
1511,1
1512,2
1513,14
1514,15
1515,14
1517,39
1518,66
1519,27
1520,7
1521,3
1522,63
1523,14
1524,24
1526,76
1527,5
1528,2
1529,8
1530,15
1531,12
1532,21
1533,16
1534,18
1535,36
1536,13
1537,16
1538,54
1540,15
1541,16
1542,11
1543,1
1544,1
1545,5
1546,24
1547,35
1548,7
1549,6
1550,11
1552,1
1553,2
1554,3
1555,13
1556,3
1557,9
1558,93
1559,22
1560,14
1561,1
1562,29
1563,7
1564,26
1565,8
1566,8
1567,60
1568,61
1569,60
1570,48
1571,14
1572,10
1573,31
1574,8
1575,17
1576,43
1578,24
1579,5
1580,43
1581,9
1582,120
1583,17
1584,21
1585,3
1586,7
1588,175
1589,16
1590,31
1591,65
1592,9
1593,13
1594,11
1595,6
1596,4
1597,8
1598,9
1599,11
1600,1
1601,41
1602,22
1603,13
1604,256
1605,31
1606,91
1607,33
1608,26
1609,43
1610,25
1611,99
1612,3
1613,14
1614,28
1615,10
1616,27
1617,6
1618,27
1620,4
1621,16
1622,19
1623,6
1624,13
1625,17
1626,46
1627,19
1628,19
1629,100
1630,17
1631,2
1632,14
1633,50
1634,17
1635,9
1636,37
1637,31
1638,2
1639,8
1640,15
1641,50
1642,12
1643,35
1644,18
1645,2
1646,9
1647,14
1648,41
1649,4
1650,10
1651,55
1652,3
1653,19
1654,79
1655,101
1657,5
1658,30
1659,1
1660,3
1661,19
1662,22
1663,10
1664,20
1665,8
1666,9
1667,15
1668,13
1669,13
1670,4
1671,10
1672,9
1673,29
1674,24
1675,5
1676,9
1677,10
1678,10
1679,17
1680,5
1681,25
1682,18
1683,12
1684,12
1685,14
1686,35
1687,16
1688,8
1689,38
1690,12
1691,24
1692,19
1694,8
1695,39
1696,38
1698,13
1699,12
1700,23
1701,17
1702,9
1703,27
1704,3
1705,16
1706,23
1707,4
1708,7
1709,2
1710,44
1711,9
1712,121
1713,2
1714,12
1715,2
1716,16
1717,47
1718,11
1719,24
1720,29
1721,159
1722,2
1723,2
1724,10
1725,16
1726,4
1727,15
1729,35
1730,10
1731,5
1732,1
1733,11
1734,36
1735,19
1736,9
1737,15
1738,4
1739,29
1740,12
1741,46
1742,266
1743,16
1744,17
1745,13
1746,14
1747,4
1748,7
1749,11
1750,5
1751,12
1752,2
1753,7
1754,1
1755,11
1756,12
1757,15
1759,16
1760,16
1761,71
1762,10
1763,31
1764,156
1765,4
1766,47
1767,34
1768,43
1769,3
1770,13
1771,26
1772,15
1773,24
1776,27
1777,10
1778,19
1779,23
1780,15
1781,76
1782,24
1783,42
1784,14
1785,49
1786,22
1787,7
1788,11
1789,38
1790,120
1791,14
1792,20
1793,309
1794,19
1795,9
1796,142
1797,15
1798,15
1799,12
1800,24
1801,6
1802,7
1803,37
1804,3
1805,4
1807,5
1808,105
1809,6
1811,1
1812,17
1813,27
1814,6
1815,58
1816,22
1817,8
1818,18
1819,31
1820,27
1821,10
1822,1
1823,21
1824,6
1825,13
1826,1
1827,20
1828,14
1829,22
1830,5
1831,7
1832,59
1833,9
1834,22
1835,7
1836,10
1837,3
1838,80
1839,23
1840,46
1841,8
1842,18
1843,21
1844,1
1845,32
1847,37
1848,60
1849,95
1850,6
1851,16
1852,10
1853,19
1854,65
1855,8
1856,25
1857,3
1858,14
1859,22
1860,7
1861,2
1862,7
1863,20
1865,1
1866,26
1867,41
1868,26
1869,8
1870,2
1871,38
1872,22
1874,15
1875,2
1876,90
1877,21
1878,24
1879,2
1880,100
1881,13
1882,21
1883,15
1884,7
1885,4
1886,64
1887,1
1888,13
1889,36
1890,37
1891,1
1892,7
1893,2
1894,22
1895,14
1896,161
1897,41
1898,9
1899,3
1900,13
1901,24
1902,35
1903,1
1904,2
1905,10
1906,18
1907,21
1908,198
1909,6
1910,16
1911,16
1912,30
1913,48
1914,6
1915,51
1916,41
1917,44
1918,6
1919,2
1920,9
1921,9
1922,23
1923,11
1924,14
1925,19
1926,1
1927,2
1928,13
1929,146
1930,2
1933,7
1934,21
1935,7
1936,11
1937,22
1938,4
1939,88
1940,4
1941,11
1942,37
1943,41
1944,6
1945,1
1946,37
1947,30
1948,20
1949,18
1950,2
1951,5
1952,57
1953,2
1954,21
1955,3
1956,27
1957,26
1958,152
1959,121
1960,20
1961,21
1962,7
1963,12
1964,7
1965,70
1966,8
1967,16
1968,115
1969,20
1970,7
1971,47
1973,15
1974,27
1975,1
1976,8
1977,2
1978,75
1979,20
1980,39
1981,21
1982,94
1983,16
1984,2
1985,1
1986,12
1987,21
1988,8
1989,9
1990,184
1991,7
1992,3
1993,21
1994,5
1996,12
1997,2
1998,60
1999,8
2000,15
2001,14
2002,9
2003,4
2004,11
2005,17
2006,19
2007,5
2008,26
2009,18
2010,3
2011,8
2012,270
2013,6
2014,9
2015,12
2016,26
2018,49
2019,225
2020,5
2021,196
2022,48
2023,6
2024,1
2025,20
2026,2
2027,68
2028,8
2029,7
2030,8
2031,15
2032,18
2033,9
2034,49
2035,7
2036,8
2037,21
2038,16
2039,20
2041,1
2043,79
2044,26
2045,6
2046,122
2047,5
2048,39
2049,88
2050,4
2051,12
2052,8
2053,2
2054,10
2055,20
2056,41
2057,11
2058,38
2059,19
2060,84
2061,30
2062,38
2063,34
2064,20
2065,75
2067,12
2068,90
2069,4
2070,4
2071,11
2072,28
2073,76
2074,8
2075,19
2076,21
2077,23
2079,4
2080,16
2081,35
2082,24
2083,8
2084,39
2085,8
2086,27
2087,1
2088,18
2089,27
2090,11
2091,67
2092,22
2093,14
2094,5
2095,21
2096,24
2097,16
2098,2
2099,225
2100,70
2101,15
2102,42
2103,4
2104,36
2105,4
2106,5
2107,12
2108,10
2109,5
2110,155
2111,3
2112,31
2113,10
2114,47
2115,31
2116,3
2117,18
2118,23
2119,22
2121,20
2122,4
2124,22
2125,1
2126,1
2127,50
2128,2
2129,26
2130,182
2131,5
2133,8
2134,4
2135,107
2136,1
2137,24
2138,12
2140,39
2141,72
2142,17
2143,18
2144,18
2145,12
2146,6
2147,3
2148,17
2149,11
2150,23
2151,50
2152,5
2153,16
2154,35
2155,14
2156,2
2157,7
2158,20
2159,16
2160,16
2161,21
2162,11
2163,35
2164,10
2165,19
2166,21
2167,10
2168,10
2169,12
2170,13
2171,6
2172,9
2173,30
2174,15
2175,1
2176,10
2177,2
2178,39
2179,24
2180,12
2181,79
2182,89
2183,6
2184,3
2185,12
2186,17
2187,21
2188,2
2189,21
2190,17
2191,22
2192,8
2193,8
2194,25
2195,2
2196,11
2197,10
2198,16
2199,7
2200,117
2201,32
2202,11
2203,10
2204,12
2205,8
2206,4
2207,80
2208,20
2209,69
2210,5
2211,8
2212,37
2213,197
2214,69
2215,14
2216,25
2217,9
2218,1
2219,5
2220,9
2221,31
2222,8
2223,132
2224,25
2225,25
2226,18
2227,14
2228,115
2229,1
2230,35
2231,4
2232,47
2233,44
2234,11
2235,9
2236,6
2237,45
2238,2
2239,8
2240,11
2241,31
2242,1
2243,35
2244,3
2245,121
2246,9
2247,14
2248,1
2249,22
2250,16
2251,4
2252,8
2254,14
2255,11
2256,22
2257,16
2258,10
2259,25
2260,17
2261,16
2262,10
2263,4
2264,16
2265,63
2266,30
2267,11
2268,13
2270,2
2271,6
2272,20
2273,29
2274,83
2275,4
2276,23
2277,3
2278,12
2279,1
2280,18
2281,33
2282,8
2283,38
2284,126
2285,31
2286,19
2287,8
2288,8
2289,7
2290,24
2291,54
2292,36
2293,9
2294,10
2295,17
2296,5
2297,18
2298,38
2299,15
2300,3
2301,14
2302,2
2303,16
2304,26
2305,165
2306,13
2307,8
2309,17
2310,121
2311,120
2312,14
2313,5
2314,7
2315,10
2317,3
2319,26
2320,12
2321,104
2322,14
2323,3
2324,11
2325,14
2326,9
2327,54
2328,11
2329,41
2330,20
2331,7
2332,51
2333,4
2334,68
2335,29
2336,10
2337,7
2338,18
2339,15
2340,39
2341,9
2342,44
2343,9
2344,6
2345,105
2346,9
2347,44
2348,64
2349,102
2350,5
2351,86
2352,22
2353,12
2355,18
2356,12
2357,36
2358,31
2359,4
2360,10
2361,31
2362,1
2363,110
2364,34
2365,14
2366,95
2368,12
2369,10
2370,27
2371,42
2372,23
2373,21
2374,5
2375,16
2376,11
2377,8
2378,11
2379,5
2381,12
2382,6
2383,7
2384,15
2385,36
2386,14
2387,28
2388,9
2389,23
2390,7
2391,10
2392,29
2394,5
2395,11
2396,46
2397,5
2398,12
2399,32
2400,8
2401,25
2402,17
2403,13
2404,23
2405,25
2406,16
2407,13
2408,22
2409,4
2410,11
2411,1
2412,6
2413,226
2414,6
2415,119
2416,5
2417,28
2418,62
2419,7
2420,10
2421,24
2422,55
2423,2
2424,125
2425,3
2426,46
2427,20
2428,13
2429,42
2430,11
2431,1
2432,10
2433,17
2434,9
2435,11
2437,4
2438,32
2439,12
2440,4
2441,9
2442,20
2443,14
2444,10
2445,16
2446,3
2447,1
2448,21
2449,16
2450,13
2451,21
2452,62
2453,5
2454,66
2455,9
2456,10
2458,22
2459,12
2460,42
2461,26
2462,15
2463,37
2464,15
2465,24
2466,17
2468,8
2469,14
2470,19
2471,20
2472,2
2473,150
2475,6
2476,26
2477,33
2478,3
2479,15
2480,3
2481,12
2482,34
2483,17
2484,9
2485,15
2486,1
2487,26
2488,5
2489,20
2491,13
2492,4
2493,15
2495,3
2496,4
2497,67
2498,9
2499,5
2500,168
2501,8
2502,9
2503,4
2504,12
2505,5
2506,31
2507,7
2508,28
2509,2
2510,16
2511,15
2513,17
2514,2
2515,19
2516,6
2517,1
2518,44
2519,1
2520,2
2521,4
2522,61
2523,3
2524,15
2525,5
2526,1
2528,13
2529,13
2530,64
2532,21
2533,53
2534,18
2535,26
2536,54
2538,9
2539,6
2540,19
2541,28
2542,45
2543,18
2544,1
2545,33
2546,95
2547,3
2548,12
2549,102
2550,63
2551,237
2552,19
2553,15
2554,14
2555,11
2556,20
2557,1
2558,7
2559,1
2560,31
2561,22
2562,16
2563,5
2564,12
2565,20
2566,5
2567,214
2569,115
2570,15
2571,87
2572,22
2573,8
2574,118
2575,2
2576,224
2577,7
2578,15
2579,2
2580,19
2581,5
2582,11
2584,21
2585,32
2586,22
2587,22
2588,17
2589,9
2590,14
2591,119
2592,27
2593,56
2594,12
2595,11
2596,11
2597,9
2598,7
2599,12
2600,57
2601,15
2602,103
2603,112
2604,7
2605,52
2606,9
2607,70
2608,3
2609,13
2610,11
2611,31
2612,39
2613,12
2614,51
2615,19
2616,3
2617,13
2618,2
2619,29
2620,3
2621,1
2622,1
2623,3
2624,3
2625,16
2626,7
2627,21
2628,149
2629,16
2630,32
2631,13
2632,2
2633,23
2634,41
2635,17
2636,6
2637,43
2638,18
2639,13
2640,24
2641,9
2642,15
2643,17
2644,19
2645,8
2646,52
2647,25
2648,51
2649,13
2650,17
2651,10
2652,10
2653,82
2654,8
2656,18
2657,10
2658,3
2659,15
2660,20
2661,8
2662,16
2663,14
2664,53
2665,30
2666,10
2667,8
2668,22
2669,31
2670,12
2671,5
2672,8
2673,3
2674,39
2675,15
2676,11
2677,74
2678,10
2679,55
2680,67
2681,9
2682,20
2683,29
2684,23
2685,18
2686,13
2687,48
2688,2
2689,7
2690,32
2691,9
2692,3
2693,87
2694,16
2695,214
2696,7
2697,42
2698,4
2699,7
2700,3
2701,20
2702,29
2703,1
2704,36
2705,27
2706,19
2707,59
2708,16
2709,5
2710,30
2711,17
2712,37
2713,5
2715,15
2716,1
2717,16
2718,21
2719,7
2720,16
2721,19
2722,2
2723,3
2724,11
2725,7
2726,32
2727,11
2728,18
2729,31
2730,28
2731,13
2732,13
2733,48
2734,3
2735,35
2736,11
2737,4
2738,7
2739,10
2740,9
2741,18
2742,54
2743,11
2744,3
2745,28
2746,5
2747,2
2748,15
2749,12
2750,276
2751,3
2752,27
2753,12
2754,20
2755,172
2756,8
2757,22
2758,19
2759,63
2760,13
2761,27
2762,10
2763,33
2764,61
2766,14
2767,29
2768,14
2769,7
2770,11
2771,1
2772,55
2773,215
2774,15
2775,15
2776,1
2777,27
2778,52
2779,4
2780,28
2781,15
2782,20
2783,9
2784,11
2785,4
2786,53
2787,6
2788,17
2789,28
2790,24
2791,4
2792,19
2793,15
2794,12
2796,14
2797,6
2798,8
2799,15
2800,9
2801,2
2802,47
2804,10
2805,122
2806,3
2807,12
2808,69
2809,41
2810,15
2811,30
2812,45
2813,142
2814,10
2815,6
2816,43
2817,1
2818,18
2819,16
2820,4
2821,38
2822,17
2823,9
2824,37
2825,12
2826,6
2827,21
2828,41
2829,9
2830,13
2831,4
2832,19
2833,36
2834,17
2835,56
2836,7
2837,5
2838,20
2839,7
2840,147
2841,9
2842,4
2843,11
2844,43
2845,8
2846,72
2847,21
2848,11
2849,9
2850,38
2851,17
2852,19
2853,10
2854,25
2855,2
2857,12
2858,60
2859,24
2860,13
2861,7
2862,58
2863,13
2864,8
2865,19
2866,6
2867,8
2868,7
2869,28
2870,9
2871,5
2872,5
2873,6
2874,63
2875,24
2876,7
2877,8
2878,4
2879,6
2880,37
2881,5
2882,18
2883,10
2884,73
2885,7
2886,17
2887,13
2888,14
2889,7
2890,7
2891,38
2892,33
2893,19
2894,8
2895,21
2896,27
2897,1
2898,130
2899,12
2900,3
2901,6
2902,18
2903,20
2904,5
2905,46
2906,12
2907,115
2908,62
2909,35
2910,42
2911,7
2912,17
2913,12
2914,26
2916,60
2917,3
2918,7
2919,27
2920,3
2921,12
2923,4
2924,5
2925,12
2926,16
2927,4
2928,24
2929,18
2930,6
2931,11
2932,7
2933,14
2934,11
2935,20
2936,20
2937,10
2938,3
2939,56
2940,28
2941,26
2942,14
2943,10
2944,53
2945,10
2946,46
2947,15
2948,18
2949,19
2950,186
2951,17
2952,14
2953,35
2954,6
2955,8
2956,12
2957,4
2958,1
2959,10
2960,8
2961,31
2963,7
2964,46
2965,28
2966,33
2968,112
2969,32
2970,30
2971,105
2972,20
2974,34
2975,31
2976,41
2977,32
2978,32
2979,38
2980,90
2981,40
2982,17
2983,6
2984,19
2985,7
2987,5
2988,63
2989,49
2990,3
2991,17
2992,13
2993,5
2994,2
2995,2
2996,186
2997,11
2999,3
3000,98
3001,14
3002,3
3003,113
3004,52
3005,14
3006,26
3007,253
3008,44
3009,1
3010,5
3011,1
3012,5
3013,18
3014,12
3015,19
3016,12
3017,4
3018,14
3019,15
3020,42
3021,33
3022,17
3024,1
3025,17
3026,45
3027,136
3028,5
3029,13
3030,2
3031,18
3032,6
3033,14
3034,61
3035,6
3036,19
3037,13
3038,23
3039,104
3040,36
3041,74
3042,15
3043,16
3044,15
3045,5
3046,4
3047,13
3048,2
3049,6
3050,131
3051,19
3052,31
3053,13
3054,95
3055,19
3056,13
3057,15
3058,9
3059,16
3060,15
3061,8
3063,19
3064,2
3066,2
3067,2
3069,27
3070,11
3071,10
3072,7
3073,14
3074,18
3075,20
3076,13
3077,3
3078,27
3079,80
3080,21
3081,3
3082,1
3083,3
3084,63
3085,6
3086,5
3087,21
3088,12
3089,25
3090,13
3091,4
3092,26
3093,56
3094,118
3095,6
3097,84
3098,14
3099,17
3100,8
3101,7
3102,9
3103,19
3104,73
3105,10
3106,21
3107,11
3108,27
3109,25
3110,15
3111,11
3112,4
3113,3
3114,9
3115,94
3116,72
3117,13
3118,103
3119,10
3120,26
3121,109
3122,7
3123,13
3124,3
3125,1
3126,47
3127,60
3128,18
3129,9
3130,57
3131,6
3132,6
3133,3
3134,18
3135,1
3136,35
3137,1
3138,12
3139,3
3140,13
3141,11
3142,221
3143,15
3144,30
3145,9
3146,12
3147,35
3148,14
3149,44
3150,12
3151,8
3152,10
3153,31
3154,16
3155,1
3156,2
3157,60
3158,16
3159,29
3160,17
3161,8
3162,61
3163,4
3164,54
3165,16
3166,303
3167,11
3168,15
3169,45
3170,20
3171,13
3172,23
3173,13
3174,117
3175,1
3176,17
3177,19
3178,15
3179,17
3180,6
3181,16
3182,13
3183,61
3184,5
3185,5
3186,34
3187,64
3188,2
3189,17
3190,17
3191,1
3193,2
3194,92
3195,27
3196,32
3197,12
3198,16
3199,22
3200,41
3201,9
3202,20
3203,17
3204,20
3205,19
3206,18
3207,10
3208,4
3209,6
3210,14
3211,8
3212,4
3213,34
3214,6
3215,18
3216,45
3217,13
3218,11
3219,31
3220,7
3221,4
3222,15
3223,10
3224,14
3225,2
3226,7
3228,3
3229,72
3230,22
3231,81
3232,9
3234,8
3235,9
3236,24
3237,7
3238,15
3239,7
3240,2
3241,3
3242,21
3243,2
3244,27
3245,15
3246,1
3247,6
3248,71
3249,15
3250,89
3251,9
3252,1
3253,33
3254,5
3255,182
3256,23
3257,5
3258,4
3259,157
3260,29
3262,24
3263,4
3264,18
3265,20
3266,24
3267,315
3268,150
3269,1
3270,11
3271,29
3272,23
3273,50
3274,69
3275,43
3276,5
3277,23
3278,6
3279,4
3280,14
3281,306
3282,8
3283,50
3284,28
3285,160
3286,18
3287,14
3288,15
3289,3
3290,7
3291,16
3292,11
3293,68
3294,1
3295,26
3296,5
3297,11
3298,3
3299,41
3300,51
3301,4
3302,11
3303,9
3304,16
3305,2
3306,169
3307,2
3308,6
3309,17
3310,10
3311,12
3312,21
3313,7
3314,9
3315,20
3317,5
3318,2
3319,11
3320,28
3321,21
3322,1
3323,15
3324,8
3325,26
3326,56
3327,18
3328,279
3329,96
3330,22
3331,5
3332,10
3333,74
3334,5
3335,2
3337,2
3338,40
3339,5
3340,31
3341,113
3342,21
3343,218
3344,36
3345,1
3346,25
3347,18
3348,158
3349,11
3350,15
3351,22
3352,9
3353,3
3354,4
3355,14
3356,4
3357,11
3358,41
3359,6
3360,8
3361,11
3362,11
3363,14
3364,14
3365,102
3366,16
3367,4
3368,6
3369,30
3370,17
3371,110
3372,155
3373,2
3374,53
3376,59
3377,51
3378,4
3379,23
3380,18
3381,8
3382,14
3383,1
3384,6
3385,3
3386,16
3387,19
3389,55
3390,27
3391,27
3392,10
3393,8
3394,42
3395,6
3396,4
3397,2
3398,94
3399,8
3400,7
3401,21
3402,7
3403,7
3404,25
3405,30
3406,116
3407,24
3408,49
3409,6
3410,23
3411,1
3412,25
3413,35
3414,5
3416,3
3417,4
3418,17
3419,60
3420,2
3421,7
3422,4
3423,32
3424,95
3425,27
3426,24
3427,139
3429,174
3430,33
3431,5
3432,22
3433,7
3434,86
3435,15
3436,38
3437,21
3438,13
3439,135
3440,6
3441,4
3442,39
3443,15
3444,8
3445,28
3446,121
3447,24
3448,10
3449,19
3450,12
3451,6
3452,31
3453,151
3454,10
3455,2
3456,27
3457,41
3458,49
3459,10
3460,41
3461,18
3462,11
3463,10
3464,14
3465,14
3466,60
3467,19
3468,12
3469,27
3470,2
3471,22
3472,14
3473,280
3474,16
3475,30
3476,2
3477,1
3478,105
3479,29
3480,10
3481,15
3482,15
3483,22
3484,10
3485,2
3486,24
3487,22
3488,26
3489,17
3490,53
3491,28
3492,6
3493,48
3494,39
3495,13
3496,28
3497,20
3498,29
3499,29
3500,7
3501,9
3502,16
3503,43
3504,15
3505,11
3506,18
3507,10
3508,23
3509,10
3510,1
3511,34
3512,10
3513,13
3516,25
3517,10
3518,12
3519,22
3520,21
3521,14
3522,3
3523,26
3524,16
3525,122
3526,7
3527,68
3528,23
3529,8
3530,20
3531,7
3532,5
3533,56
3534,32
3535,7
3536,47
3537,5
3538,10
3539,19
3540,8
3541,13
3542,4
3543,17
3544,21
3545,46
3546,10
3547,3
3548,11
3549,34
3550,12
3551,33
3552,52
3554,56
3555,24
3556,3
3557,93
3558,5
3559,2
3560,2
3561,12
3562,16
3563,30
3564,15
3565,1
3566,23
3567,5
3569,7
3570,28
3571,12
3572,3
3573,13
3574,23
3575,49
3576,8
3577,8
3578,34
3579,7
3581,120
3582,63
3583,5
3584,8
3585,187
3586,13
3587,35
3588,12
3589,7
3590,15
3591,8
3592,20
3593,4
3594,8
3595,22
3596,20
3597,10
3598,15
3599,10
3600,1
3601,4
3602,35
3603,14
3604,15
3605,4
3606,12
3607,38
3608,29
3609,49
3610,31
3611,3
3612,16
3613,14
3614,15
3615,47
3616,3
3617,23
3618,12
3619,15
3620,74
3621,252
3622,11
3624,59
3625,6
3626,3
3627,33
3628,4
3629,9
3630,19
3631,13
3632,51
3633,23
3634,15
3635,65
3636,11
3637,11
3638,63
3639,139
3641,1
3642,1
3643,1
3644,8
3645,26
3646,5
3647,9
3648,53
3649,6
3650,27
3651,14
3652,68
3653,3
3654,145
3655,19
3656,23
3657,17
3658,13
3659,136
3660,137
3661,10
3662,29
3663,3
3664,28
3665,32
3666,12
3667,6
3668,35
3669,26
3670,7
3671,3
3672,18
3673,11
3674,10
3675,15
3676,16
3677,14
3678,12
3679,80
3680,15
3681,33
3682,4
3683,23
3684,21
3685,5
3686,8
3688,12
3689,2
3690,6
3691,1
3692,72
3693,36
3694,84
3695,26
3696,12
3697,26
3698,52
3699,42
3700,8
3701,15
3702,11
3703,111
3704,2
3705,12
3706,21
3707,9
3708,7
3709,49
3710,59
3711,7
3712,121
3713,18
3714,31
3715,32
3716,12
3717,3
3718,23
3719,12
3720,36
3722,29
3723,6
3724,38
3725,104
3726,4
3727,16
3728,12
3729,5
3730,5
3731,20
3733,1
3734,2
3735,14
3736,247
3737,28
3738,16
3739,10
3740,5
3741,6
3743,18
3744,25
3745,41
3746,34
3747,62
3748,27
3749,5
3750,36
3751,26
3752,54
3753,38
3754,16
3755,19
3756,1
3757,10
3758,11
3759,1
3760,21
3761,25
3762,22
3763,3
3764,13
3765,37
3766,16
3767,2
3768,6
3769,33
3770,1
3771,10
3772,18
3773,5
3774,39
3775,2
3776,11
3777,52
3778,46
3779,16
3780,1
3781,10
3782,18
3783,2
3785,19
3786,159
3787,9
3788,9
3789,2
3790,11
3791,21
3792,33
3793,2
3794,5
3795,1
3796,12
3797,14
3798,20
3799,106
3800,7
3801,25
3802,76
3803,8
3804,81
3805,3
3806,46
3807,23
3808,23
3809,13
3810,274
3811,9
3812,27
3813,53
3814,6
3815,31
3816,203
3817,65
3818,7
3820,55
3821,2
3822,3
3823,8
3824,5
3825,18
3826,12
3827,14
3828,13
3829,6
3830,9
3831,171
3832,4
3833,13
3834,130
3835,19
3836,18
3837,10
3838,12
3840,63
3841,12
3842,10
3844,13
3845,17
3846,47
3847,4
3848,8
3849,8
3850,1
3851,8
3852,12
3853,14
3854,26
3855,6
3856,1
3857,15
3858,13
3859,12
3860,7
3862,20
3863,9
3864,6
3865,11
3866,86
3867,8
3868,2
3869,14
3870,40
3871,9
3872,119
3873,166
3874,11
3875,11
3877,69
3878,20
3879,34
3880,25
3881,5
3882,7
3883,24
3884,6
3885,4
3886,8
3887,15
3888,14
3889,14
3890,28
3892,4
3893,8
3894,28
3895,41
3896,29
3897,3
3898,17
3899,9
3900,22
3901,45
3902,2
3903,4
3905,50
3906,11
3907,8
3908,86
3909,44
3910,14
3911,30
3912,7
3913,8
3914,16
3915,13
3916,100
3917,25
3919,15
3920,35
3921,13
3922,58
3923,17
3924,4
3925,10
3926,28
3927,222
3928,1
3929,5
3930,107
3931,135
3932,2
3933,1
3934,4
3935,5
3936,4
3937,7
3938,36
3939,3
3940,1
3941,33
3942,19
3943,1
3944,2
3945,54
3946,3
3947,11
3948,11
3949,36
3950,83
3951,5
3952,59
3953,3
3954,32
3955,42
3956,96
3957,8
3958,1
3959,20
3960,2
3961,11
3962,23
3963,32
3964,23
3965,16
3966,5
3967,94
3968,31
3969,83
3970,7
3971,2
3972,8
3973,6
3974,4
3975,24
3976,101
3977,10
3978,44
3979,87
3980,108
3981,54
3982,19
3983,25
3984,2
3985,40
3986,21
3987,1
3989,11
3990,6
3991,26
3992,6
3993,11
3994,12
3995,11
3996,10
3997,2
3998,19
3999,56
4000,99
4001,13
4002,16
4003,26
4004,19
4005,15
4006,13
4007,238
4008,4
4009,28
4010,12
4011,45
4012,4
4013,45
4014,39
4015,29
4016,179
4017,4
4018,12
4020,63
4021,7
4022,3
4023,159
4024,12
4025,22
4026,5
4027,1
4028,37
4029,5
4030,13
4031,2
4032,6
4033,13
4034,4
4035,53
4036,51
4037,20
4038,17
4039,11
4040,11
4041,7
4042,8
4043,13
4044,9
4045,6
4046,26
4047,2
4048,44
4049,27
4050,23
4051,42
4052,16
4053,4
4054,11
4055,14
4056,30
4057,50
4058,11
4059,13
4060,26
4061,14
4062,2
4063,10
4064,6
4065,193
4066,17
4067,15
4068,15
4069,1
4070,9
4071,37
4072,83
4073,137
4074,2
4075,3
4076,6
4077,3
4078,16
4079,1
4080,32
4081,11
4082,10
4083,34
4084,1
4085,10
4086,6
4087,13
4088,39
4089,13
4090,20
4091,8
4092,17
4093,13
4094,24
4095,8
4096,9
4097,52
4098,2
4099,12
4100,14
4101,24
4102,17
4103,23
4104,41
4105,4
4106,16
4107,20
4108,26
4109,99
4111,39
4112,11
4113,25
4114,28
4115,17
4116,22
4117,166
4119,16
4120,40
4121,212
4122,79
4123,35
4124,85
4125,15
4126,9
4127,7
4128,54
4129,11
4130,5
4131,13
4132,26
4133,300
4134,4
4135,23
4136,77
4137,35
4138,15
4139,5
4140,34
4141,9
4142,7
4143,1
4144,4
4145,3
4146,7
4147,9
4148,46
4149,34
4150,25
4151,16
4152,21
4153,5
4154,35
4155,7
4156,29
4157,16
4158,16
4159,26
4160,9
4161,14
4162,40
4163,29
4164,165
4165,12
4166,10
4167,115
4168,59
4169,13
4170,20
4171,3
4172,33
4173,120
4174,1
4175,30
4176,28
4177,145
4178,17
4179,54
4180,31
4181,3
4182,13
4183,2
4184,8
4185,22
4186,2
4187,8
4188,22
4190,6
4191,7
4192,19
4193,29
4194,7
4195,23
4196,13
4197,249
4198,39
4199,22
4200,22
4201,27
4202,1
4203,9
4204,13
4205,20
4206,11
4207,32
4208,18
4209,36
4210,28
4211,13
4212,49
4213,6
4214,31
4216,23
4217,19
4218,9
4219,11
4220,64
4221,27
4222,6
4223,3
4224,11
4225,2
4226,13
4227,10
4228,55
4229,23
4230,23
4231,8
4232,80
4233,45
4234,3
4235,10
4236,137
4237,3
4238,19
4239,6
4240,49
4241,10
4242,1
4244,8
4245,62
4247,68
4248,8
4249,23
4250,129
4251,2
4252,10
4253,43
4254,13
4255,2
4256,8
4257,7
4258,12
4259,18
4260,190
4261,6
4262,27
4263,20
4264,31
4265,21
4266,148
4267,36
4268,11
4269,6
4270,4
4271,11
4272,8
4273,20
4274,4
4275,50
4278,32
4279,12
4280,38
4281,2
4282,1
4283,148
4284,28
4285,8
4286,20
4287,22
4288,15
4289,6
4290,7
4291,41
4292,15
4293,14
4294,289
4295,7
4296,28
4297,24
4298,105
4300,15
4301,16
4302,2
4304,16
4305,22
4306,13
4307,13
4308,298
4309,2
4310,37
4311,9
4312,19
4313,18
4314,21
4315,38
4316,7
4317,6
4318,18
4319,127
4321,22
4322,15
4323,13
4324,12
4325,39
4326,9
4327,8
4328,22
4329,7
4330,10
4331,3
4332,15
4333,6
4334,4
4335,12
4336,29
4337,1
4338,36
4339,15
4340,1
4341,36
4342,17
4343,3
4344,18
4345,19
4346,27
4347,5
4348,18
4349,15
4350,6
4351,47
4352,57
4353,15
4355,18
4356,46
4357,22
4358,25
4359,2
4360,14
4361,23
4362,13
4363,5
4364,4
4365,4
4366,231
4367,55
4368,22
4369,9
4370,38
4371,7
4372,7
4373,20
4374,23
4375,2
4376,9
4377,21
4378,191
4379,15
4380,19
4381,3
4382,23
4383,24
4384,23
4385,30
4386,19
4387,4
4388,13
4389,250
4390,6
4391,163
4392,18
4393,133
4394,5
4395,6
4396,14
4397,9
4398,12
4399,21
4401,15
4402,1
4403,2
4404,15
4405,8
4406,4
4407,26
4408,16
4409,14
4410,7
4411,13
4412,108
4413,21
4414,36
4415,2
4416,7
4417,11
4418,18
4419,7
4420,26
4421,8
4422,24
4423,56
4424,42
4425,18
4427,27
4428,5
4429,13
4431,9
4432,3
4433,80
4434,13
4435,1
4436,24
4437,16
4438,24
4439,11
4440,26
4441,47
4442,18
4443,131
4444,10
4445,19
4446,12
4447,12
4448,42
4449,3
4450,20
4451,82
4452,38
4453,48
4454,4
4455,13
4456,23
4457,5
4458,5
4459,27
4460,297
4461,19
4462,5
4463,34
4464,44
4465,12
4466,7
4467,4
4468,9
4469,7
4470,3
4471,27
4472,2
4473,7
4474,14
4475,11
4477,9
4478,33
4479,2
4480,9
4481,6
4482,9
4483,24
4484,8
4485,4
4486,54
4487,15
4488,8
4489,1
4490,71
4491,2
4492,9
4493,4
4494,10
4495,170
4496,25
4497,7
4498,10
4499,11
4500,36
4501,23
4502,74
4503,11
4504,19
4505,9
4506,18
4507,36
4508,4
4509,21
4510,1
4511,15
4512,8
4513,35
4514,2
4515,14
4516,38
4517,10
4518,36
4519,25
4520,10
4521,29
4522,18
4523,13
4524,24
4525,73
4526,124
4527,22
4528,1
4529,1
4530,5
4531,13
4532,93
4533,4
4534,80
4535,15
4536,15
4537,39
4538,12
4539,11
4540,4
4542,11
4543,55
4544,7
4545,32
4546,30
4547,56
4548,15
4549,8
4550,5
4552,5
4553,15
4554,7
4555,8
4556,21
4557,27
4558,23
4559,4
4560,9
4561,28
4562,7
4563,1
4564,14
4565,12
4566,35
4567,283
4568,8
4569,21
4571,34
4572,1
4573,97
4574,2
4575,11
4576,16
4577,15
4578,19
4579,208
4580,18
4581,110
4582,1
4583,7
4585,2
4586,35
4587,2
4588,76
4589,21
4590,34
4591,90
4592,21
4593,17
4594,1
4595,90
4596,3
4597,8
4598,14
4599,13
4600,14
4601,9
4602,85
4603,19
4604,23
4605,14
4606,23
4607,9
4608,23
4609,12
4610,10
4611,127
4613,2
4614,14
4615,42
4616,7
4617,14
4618,4
4619,16
4620,74
4621,14
4622,1
4623,10
4624,46
4625,101
4626,42
4627,10
4628,14
4629,2
4630,71
4631,6
4632,222
4633,14
4634,154
4635,6
4636,20
4637,8
4638,18
4639,8
4640,4
4641,15
4642,7
4643,2
4644,38
4645,68
4646,144
4647,15
4648,103
4649,18
4650,20
4651,34
4652,1
4653,56
4654,15
4655,14
4656,25
4657,128
4658,24
4659,67
4660,16
4661,14
4662,2
4663,16
4664,18
4665,55
4666,11
4667,24
4668,179
4669,16
4670,12
4671,9
4672,16
4673,13
4674,8
4675,28
4676,7
4677,17
4678,4
4679,24
4680,5
4681,10
4682,9
4683,34
4684,4
4685,15
4686,185
4687,19
4688,12
4690,1
4691,10
4692,5
4693,47
4694,16
4695,33
4696,178
4697,89
4698,24
4699,14
4700,16
4701,4
4702,14
4703,7
4704,16
4705,31
4706,73
4707,23
4708,7
4709,7
4710,25
4711,21
4712,1
4713,4
4714,12
4715,155
4716,11
4717,12
4718,28
4719,108
4720,11
4721,8
4722,7
4723,36
4724,14
4725,18
4726,5
4727,3
4728,19
4729,15
4730,2
4731,19
4732,10
4733,38
4734,68
4735,31
4736,5
4737,9
4738,1
4739,15
4740,16
4741,17
4742,2
4743,21
4744,1
4745,2
4746,13
4747,8
4748,2
4749,16
4750,176
4751,11
4752,1
4753,47
4754,30
4755,33
4756,198
4757,20
4758,11
4759,28
4760,17
4761,3
4762,5
4763,18
4764,12
4765,5
4766,2
4767,2
4768,3
4769,5
4770,13
4771,2
4772,22
4773,5
4774,6
4775,34
4776,1
4777,28
4778,83
4779,95
4780,3
4781,17
4782,10
4783,13
4784,13
4785,1
4786,7
4787,210
4788,11
4789,50
4790,21
4791,9
4792,40
4793,3
4794,13
4795,59
4796,15
4797,39
4798,317
4799,7
4800,1
4801,89
4802,5
4804,21
4805,15
4806,20
4807,44
4808,14
4809,45
4810,8
4811,16
4812,6
4813,5
4814,28
4815,9
4816,81
4817,6
4818,18
4819,70
4820,10
4821,42
4822,10
4823,2
4824,2
4825,37
4826,14
4827,2
4828,5
4829,13
4830,18
4831,25
4832,6
4833,8
4834,10
4836,24
4837,2
4838,39
4839,1
4840,157
4841,27
4842,40
4843,38
4844,10
4845,12
4846,27
4847,5
4848,57
4849,13
4850,24
4851,14
4852,26
4853,17
4854,4
4855,73
4856,14
4857,17
4858,1
4859,40
4860,10
4861,11
4862,1
4863,22
4864,7
4865,22
4866,3
4867,30
4868,14
4869,4
4870,15
4871,24
4872,21
4873,21
4874,5
4875,95
4876,4
4877,1
4878,33
4879,15
4880,54
4881,6
4882,10
4883,23
4884,10
4885,3
4886,11
4887,3
4888,15
4889,7
4890,22
4891,14
4892,17
4893,6
4894,12
4895,19
4896,10
4897,5
4898,47
4899,26
4900,6
4901,16
4902,42
4903,32
4904,8
4905,104
4906,2
4907,49
4909,5
4910,41
4911,9
4912,13
4913,105
4914,185
4915,11
4916,48
4917,14
4918,19
4919,10
4920,52
4921,9
4924,5
4925,38
4926,2
4927,38
4928,53
4929,150
4930,41
4931,34
4932,5
4933,30
4934,3
4935,20
4936,12
4937,4
4938,34
4939,135
4940,21
4941,23
4942,12
4943,70
4944,158
4945,4
4946,3
4947,96
4948,24
4949,8
4950,8
4951,27
4952,37
4953,21
4954,18
4955,104
4956,17
4957,4
4958,35
4959,25
4960,30
4961,33
4962,5
4963,8
4964,12
4965,3
4966,16
4967,23
4968,18
4969,10
4970,4
4971,25
4972,12
4973,10
4974,5
4975,22
4977,100
4978,3
4979,1
4980,17
4981,16
4982,43
4983,9
4984,12
4985,4
4986,20
4987,24
4988,6
4989,33
4990,9
4991,52
4992,15
4993,7
4994,23
4995,10
4996,23
4997,19
4998,13
4999,43
5000,2
5001,25
5002,95
5003,8
5004,54
5005,15
5006,29
5007,21
5008,3
5009,29
5010,56
5011,17
5012,4
5013,5
5014,25
5015,3
5016,17
5017,1
5018,26
5019,31
5020,10
5021,59
5022,3
5023,4
5024,12
5025,50
5026,47
5027,18
5028,7
5029,117
5030,4
5031,22
5032,149
5033,10
5034,31
5035,16
5036,35
5037,55
5038,40
5039,12
5040,4
5041,59
5042,31
5043,20
5044,4
5045,263
5046,2
5047,3
5048,110
5049,15
5050,16
5051,16
5052,5
5053,27
5054,8
5055,5
5056,39
5057,3
5058,10
5059,21
5060,60
5061,18
5062,39
5063,7
5064,26
5065,17
5066,122
5067,16
5068,17
5069,12
5070,48
5071,12
5072,12
5073,23
5074,28
5075,98
5076,23
5077,3
5078,1
5080,8
5081,44
5082,10
5083,16
5084,19
5085,90
5086,6
5087,17
5088,4
5089,43
5090,21
5091,101
5092,2
5093,5
5094,11
5095,21
5096,229
5097,1
5098,10
5099,38
5100,18
5102,7
5103,16
5104,5
5105,7
5106,4
5107,1
5108,22
5109,291
5110,16
5111,15
5112,17
5113,10
5114,14
5115,5
5116,9
5117,15
5118,75
5119,20
5120,131
5121,6
5122,8
5123,26
5124,10
5125,8
5126,14
5127,22
5128,5
5129,6
5130,20
5131,5
5132,12
5133,4
5134,10
5135,12
5136,40
5137,17
5138,42
5139,3
5140,6
5142,13
5143,20
5144,1
5145,14
5146,7
5147,46
5148,8
5149,26
5150,4
5152,1
5153,2
5154,10
5155,9
5156,35
5157,43
5158,12
5159,19
5160,13
5161,192
5162,41
5163,16
5164,6
5165,12
5166,3
5167,100
5168,16
5169,20
5170,6
5171,41
5172,12
5173,1
5174,9
5175,2
5176,4
5177,4
5178,17
5179,5
5180,10
5181,16
5182,11
5183,8
5184,18
5185,11
5186,55
5187,14
5188,11
5189,7
5190,23
5191,74
5192,13
5193,86
5194,53
5195,1
5196,22
5197,4
5198,16
5199,3
5200,7
5201,15
5202,2
5203,17
5204,5
5205,10
5206,39
5207,17
5208,1
5209,65
5210,19
5211,44
5212,3
5213,2
5214,5
5215,11
5216,117
5217,15
5218,16
5219,12
5220,170
5221,8
5222,21
5223,16
5224,1
5225,5
5226,49
5227,24
5228,99
5229,17
5230,8
5231,21
5232,67
5233,21
5234,3
5235,13
5236,19
5237,194
5238,11
5239,16
5241,5
5243,2
5244,17
5245,14
5246,30
5247,3
5248,22
5249,27
5251,27
5252,19
5253,3
5254,36
5255,11
5256,13
5257,2
5258,3
5259,23
5260,15
5261,12
5262,167
5263,126
5264,11
5265,24
5266,8
5267,21
5268,13
5269,30
5270,3
5271,40
5272,12
5273,8
5274,21
5275,6
5276,8
5277,251
5278,6
5279,17
5280,10
5281,1
5282,8
5283,6
5284,12
5285,32
5286,12
5287,31
5288,11
5289,25
5290,27
5291,18
5292,8
5293,2
5294,4
5295,2
5296,15
5297,1
5298,26
5299,11
5300,16
5301,4
5302,17
5303,14
5304,124
5305,25
5306,33
5307,2
5308,10
5309,11
5310,18
5311,21
5312,14
5313,9
5314,94
5315,12
5316,41
5317,16
5318,30
5319,87
5320,4
5321,3
5322,4
5323,9
5324,14
5325,17
5326,18
5327,12
5328,15
5329,3
5330,26
5331,49
5332,6
5333,29
5334,50
5335,27
5336,128
5337,81
5338,18
5339,31
5341,144
5342,107
5343,1
5344,1
5345,40
5346,115
5347,10
5348,2
5349,20
5350,7
5351,17
5352,42
5353,4
5354,25
5355,7
5356,68
5357,19
5358,7
5359,56
5360,6
5361,10
5362,11
5363,3
5364,3
5365,4
5366,13
5367,9
5368,14
5370,3
5371,23
5372,13
5373,13
5374,38
5375,3
5376,2
5377,51
5378,1
5379,11
5380,6
5381,10
5382,14
5384,151
5385,6
5386,1
5387,35
5388,18
5389,25
5390,32
5391,235
5392,9
5393,7
5394,31
5395,30
5396,14
5397,6
5398,19
5399,18
5400,16
5402,60
5403,73
5404,24
5405,13
5406,26
5407,8
5408,2
5409,22
5410,23
5411,5
5412,5
5413,173
5414,20
5415,4
5416,12
5417,8
5418,7
5419,5
5420,30
5421,11
5422,1
5423,20
5424,18
5425,46
5426,33
5427,8
5428,8
5429,14
5430,52
5431,32
5432,78
5433,13
5434,2
5435,44
5436,24
5437,19
5438,7
5439,22
5440,5
5441,45
5442,13
5443,9
5444,191
5445,5
5446,2
5447,17
5448,25
5449,34
5450,8
5451,14
5452,13
5453,40
5454,4
5455,17
5456,44
5457,125
5458,29
5459,38
5460,13
5461,14
5462,12
5463,3
5464,51
5465,10
5466,3
5467,10
5468,11
5469,11
5470,11
5471,17
5472,22
5473,11
5474,6
5475,48
5476,16
5477,14
5478,46
5479,15
5480,1
5481,30
5482,4
5483,4
5484,17
5485,11
5486,29
5487,3
5488,1
5489,9
5490,15
5491,31
5492,254
5493,25
5494,7
5495,3
5496,4
5498,9
5499,5
5500,24
5501,3
5502,153
5503,43
5504,19
5505,31
5506,15
5507,8
5508,16
5509,14
5510,7
5511,28
5512,11
5513,10
5514,1
5515,12
5516,2
5517,16
5518,72
5519,3
5520,16
5521,5
5522,114
5523,2
5524,6
5525,11
5526,15
5527,2
5528,25
5529,17
5530,14
5531,91
5532,32
5533,2
5534,32
5535,10
5536,213
5537,36
5538,6
5539,16
5540,177
5541,3
5542,9
5543,8
5544,25
5546,81
5547,1
5548,9
5549,17
5550,1
5551,10
5552,2
5553,13
5554,54
5555,9
5556,17
5557,13
5558,19
5559,7
5560,10
5561,42
5562,4
5563,3
5564,3
5565,19
5566,8
5567,50
5568,37
5569,88
5570,14
5571,87
5572,11
5573,96
5574,36
5575,52
5576,14
5577,15
5578,55
5580,3
5581,29
5582,30
5583,21
5584,34
5585,28
5586,1
5587,35
5588,8
5589,2
5590,26
5591,18
5592,2
5593,12
5594,20
5595,34
5596,4
5597,5
5598,153
5599,8
5601,22
5602,27
5603,3
5604,11
5605,19
5606,4
5607,12
5608,15
5610,73
5611,7
5612,6
5613,5
5614,7
5615,5
5616,11
5617,25
5618,84
5619,10
5620,113
5621,13
5622,17
5623,65
5624,5
5625,21
5626,51
5628,11
5629,3
5630,12
5631,9
5632,14
5633,47
5634,10
5635,28
5636,35
5637,24
5638,4
5639,20
5640,39
5641,60
5642,6
5643,4
5645,8
5646,1
5647,60
5648,85
5649,10
5650,12
5651,27
5652,25
5653,9
5654,22
5655,11
5656,1
5657,8
5658,50
5659,6
5660,36
5661,21
5662,84
5663,20
5664,2
5665,8
5666,12
5667,11
5668,239
5669,7
5670,117
5671,6
5672,33
5673,17
5674,21
5675,10
5676,70
5677,2
5678,1
5679,8
5680,61
5681,8
5682,1
5683,77
5684,44
5685,3
5686,4
5687,8
5688,4
5689,8
5690,16
5691,6
5692,16
5693,14
5695,110
5696,14
5697,13
5698,8
5699,7
5700,37
5701,13
5702,17
5703,90
5704,14
5705,4
5706,39
5707,5
5708,14
5709,24
5710,28
5711,17
5712,11
5713,4
5714,18
5715,17
5716,20
5717,52
5718,13
5719,19
5720,39
5721,2
5722,11
5724,189
5725,31
5726,43
5727,37
5728,1
5729,18
5731,101
5732,8
5733,24
5734,123
5735,20
5736,16
5737,23
5738,10
5740,32
5741,14
5742,1
5743,82
5744,40
5745,8
5746,6
5747,1
5749,10
5750,243
5751,12
5752,5
5753,11
5754,40
5755,8
5756,6
5757,1
5758,9
5759,23
5760,21
5761,14
5762,2
5763,7
5764,125
5765,4
5766,5
5767,3
5768,29
5769,22
5770,5
5771,6
5772,18
5773,10
5774,11
5776,13
5777,105
5778,116
5779,16
5780,88
5781,12
5782,6
5783,1
5784,5
5785,2
5786,6
5787,40
5788,3
5789,15
5790,13
5791,7
5792,13
5793,9
5794,107
5795,4
5796,9
5797,13
5798,15
5799,13
5800,22
5801,3
5802,9
5803,17
5804,84
5805,15
5806,12
5807,19
5808,5
5809,127
5810,5
5811,17
5812,17
5813,27
5814,18
5815,11
5816,8
5817,17
5818,6
5819,8
5820,12
5821,18
5822,42
5824,7
5825,23
5826,7
5827,11
5828,9
5829,25
5830,23
5831,23
5832,21
5833,1
5834,4
5835,267
5836,19
5837,15
5838,15
5839,48
5840,12
5841,2
5842,4
5843,15
5844,4
5845,17
5846,15
5847,102
5848,34
5849,11
5850,5
5851,11
5852,15
5853,163
5854,17
5855,2
5856,28
5857,15
5858,114
5859,3
5860,31
5861,1
5862,14
5863,150
5864,7
5865,9
5866,35
5867,28
5868,6
5869,8
5870,12
5871,35
5872,2
5873,8
5874,1
5875,4
5876,85
5877,22
5878,6
5879,17
5880,14
5881,5
5882,26
5883,12
5884,106
5885,4
5886,15
5887,51
5888,15
5889,7
5890,25
5891,31
5892,18
5893,16
5894,10
5895,14
5896,34
5897,2
5898,13
5899,73
5900,10
5901,12
5902,15
5903,107
5904,14
5905,10
5906,6
5907,10
5908,5
5909,8
5910,2
5911,76
5912,101
5913,3
5914,2
5915,15
5916,28
5917,5
5918,14
5919,7
5920,7
5921,19
5922,2
5923,21
5924,13
5925,15
5926,16
5927,5
5928,11
5929,36
5930,9
5931,45
5932,20
5933,23
5934,14
5935,8
5936,9
5937,25
5938,7
5939,1
5940,56
5941,3
5942,1
5943,37
5944,11
5945,9
5946,79
5947,14
5948,13
5949,166
5950,5
5951,6
5952,3
5953,13
5954,2
5955,28
5956,9
5957,8
5958,15
5959,295
5960,29
5961,24
5962,9
5963,63
5964,13
5965,7
5966,8
5967,15
5968,28
5969,2
5970,16
5971,53
5972,2
5973,7
5974,6
5975,1
5976,9
5977,16
5978,4
5979,13
5980,55
5981,3
5982,91
5983,3
5984,19
5985,21
5986,15
5987,121
5988,46
5989,14
5990,25
5991,6
5992,22
5993,14
5994,39
5995,28
5996,9
5997,14
5998,3
5999,55
6000,7
6001,5
6002,4
6003,138
6004,38
6005,45
6006,35
6007,15
6008,11
6009,132
6010,17
6011,20
6012,13
6013,6
6014,106
6015,5
6016,6
6017,14
6018,9
6019,13
6020,144
6021,201
6022,19
6023,14
6024,13
6025,10
6026,20
6027,8
6028,2
6029,18
6030,3
6031,12
6032,4
6033,20
6034,25
6036,23
6037,1
6038,35
6039,6
6040,72
6041,19
6042,26
6043,3
6044,3
6045,23
6046,241
6048,74
6049,11
6050,1
6051,11
6052,36
6053,118
6055,53
6056,33
6057,34
6058,14
6059,126
6060,22
6061,3
6062,9
6063,12
6064,4
6065,18
6066,18
6067,200
6068,13
6069,14
6071,23
6072,32
6073,12
6074,2
6075,17
6076,24
6077,40
6078,3
6079,1
6080,20
6081,7
6082,45
6083,29
6084,6
6085,17
6086,27
6087,1
6088,44
6089,6
6090,23
6091,16
6092,204
6093,17
6094,8
6095,35
6096,23
6097,16
6098,26
6099,114
6100,13
6101,2
6103,9
6104,7
6105,6
6106,15
6107,5
6108,17
6109,61
6110,2
6111,34
6112,7
6113,9
6114,3
6115,5
6116,7
6117,21
6118,13
6119,68
6120,18
6121,83
6122,7
6123,57
6124,23
6125,49
6126,9
6127,48
6128,12
6129,12
6130,59
6131,27
6132,16
6133,11
6135,7
6136,14
6137,20
6138,6
6139,29
6140,156
6141,25
6142,53
6143,1
6144,30
6145,71
6146,29
6147,40
6148,12
6149,37
6150,6
6151,25
6152,56
6153,147
6154,3
6155,37
6156,20
6157,89
6158,9
6159,11
6160,9
6161,28
6162,14
6163,31
6164,35
6165,5
6166,9
6167,33
6168,1
6169,2
6170,3
6172,12
6173,69
6174,6
6175,3
6176,7
6177,15
6178,11
6179,108
6180,15
6181,5
6182,20
6183,19
6184,16
6185,26
6186,275
6187,5
6188,69
6189,3
6190,20
6191,55
6192,20
6193,20
6194,24
6196,15
6197,22
6198,13
6199,14
6200,54
6201,8
6202,1
6203,7
6204,1
6205,39
6206,106
6207,28
6209,10
6210,7
6211,59
6212,2
6213,4
6214,17
6215,2
6216,11
6217,81
6218,16
6219,8
6220,5
6221,3
6222,20
6223,24
6224,57
6225,79
6226,13
6227,3
6228,16
6229,21
6230,27
6231,16
6232,34
6233,75
6234,227
6235,35
6236,16
6237,17
6238,8
6239,11
6240,20
6241,5
6242,4
6243,13
6244,5
6245,33
6246,16
6249,183
6250,17
6251,10
6252,33
6253,2
6254,68
6255,33
6256,90
6257,5
6259,3
6260,19
6261,24
6262,9
6263,9
6264,43
6265,17
6266,15
6267,27
6268,14
6269,17
6270,37
6271,1
6273,30
6274,1
6275,14
6276,11
6277,3
6278,11
6279,7
6280,255
6281,49
6282,2
6283,14
6284,4
6285,123
6286,34
6287,11
6288,23
6289,7
6290,37
6291,17
6292,3
6293,3
6294,19
6295,25
6296,13
6297,102
6298,5
6299,102
6300,40
6301,13
6302,15
6303,16
6305,24
6306,2
6307,16
6308,7
6309,11
6310,6
6311,2
6313,12
6314,18
6315,3
6317,2
6318,4
6319,21
6320,13
6321,18
6322,27
6323,6
6324,11
6325,16
6326,7
6327,8
6328,32
6329,26
6330,5
6331,16
6332,5
6333,17
6334,1
6335,92
6336,17
6337,10
6338,40
6339,10
6340,19
6341,22
6342,2
6343,20
6344,15
6345,16
6346,49
6347,33
6348,35
6349,11
6350,45
6351,19
6352,123
6353,23
6354,15
6355,36
6356,17
6357,16
6358,23
6359,31
6360,16
6361,6
6362,2
6363,9
6364,8
6365,2
6366,2
6367,10
6368,14
6369,15
6371,6
6372,16
6373,18
6374,1
6375,20
6376,15
6377,4
6378,9
6379,43
6380,28
6381,14
6382,18
6383,15
6384,1
6385,21
6386,7
6387,5
6388,17
6389,7
6390,12
6391,10
6392,113
6393,3
6394,6
6395,21
6396,42
6397,21
6398,17
6399,99
6400,3
6401,13
6402,17
6403,24
6404,9
6406,6
6407,15
6408,19
6409,9
6410,7
6411,24
6412,19
6413,5
6414,8
6415,3
6416,21
6418,18
6420,18
6421,31
6422,14
6423,48
6424,1
6425,6
6426,4
6427,22
6428,36
6429,11
6430,16
6431,26
6432,3
6433,18
6434,1
6435,45
6436,25
6437,17
6438,10
6439,4
6440,5
6441,219
6442,3
6443,18
6444,15
6446,16
6448,11
6449,25
6450,89
6451,23
6452,47
6453,25
6454,27
6455,4
6456,7
6457,23
6458,114
6459,23
6460,83
6462,11
6463,26
6464,10
6465,10
6466,8
6467,3
6468,6
6469,19
6470,14
6471,9
6472,11
6473,37
6474,240
6475,2
6476,9
6477,52
6478,12
6479,49
6480,122
6481,9
6482,26
6483,13
6484,11
6485,161
6486,120
6487,1
6488,5
6489,8
6490,16
6491,9
6492,2
6494,18
6495,18
6496,21
6497,9
6498,16
6499,4
6500,83
6501,70
6502,44
6503,20
6504,1
6505,22
6506,2
6507,16
6508,37
6509,24
6510,6
6511,7
6512,40
6513,13
6514,45
6515,78
6516,3
6517,12
6518,23
6519,11
6520,10
6522,27
6523,27
6524,26
6525,46
6526,13
6527,75
6528,15
6529,1
6530,6
6531,6
6532,10
6533,1
6534,15
6535,82
6536,2
6537,20
6538,17
6539,27
6540,25
6541,155
6542,15
6543,5
6544,15
6545,47
6546,8
6547,17
6548,1
6549,46
6550,21
6551,6
6552,69
6553,3
6554,15
6555,11
6556,69
6557,6
6558,13
6559,52
6560,2
6561,10
6562,4
6563,56
6564,71
6565,49
6567,21
6568,36
6569,10
6570,7
6571,26
6572,9
6573,23
6574,134
6576,71
6577,78
6578,37
6579,49
6580,12
6581,312
6582,5
6583,27
6584,39
6585,18
6586,28
6587,45
6588,29
6589,74
6590,1
6591,7
6592,5
6593,20
6594,5
6595,14
6596,22
6597,7
6598,15
6599,4
6600,64
6601,28
6602,4
6603,19
6604,38
6605,75
6606,10
6607,32
6608,13
6609,7
6610,19
6611,5
6612,8
6613,9
6614,18
6615,15
6616,57
6617,7
6619,4
6620,6
6621,3
6622,13
6623,12
6624,102
6625,13
6626,21
6627,25
6628,7
6629,26
6630,6
6631,4
6632,69
6633,8
6634,39
6635,261
6636,9
6637,2
6638,41
6639,1
6640,141
6641,18
6642,25
6643,6
6644,160
6646,56
6647,1
6648,24
6649,51
6650,20
6651,14
6652,55
6654,10
6655,33
6656,10
6657,8
6658,11
6659,9
6660,17
6661,19
6662,18
6663,15
6665,10
6666,66
6667,73
6668,13
6669,9
6670,66
6671,12
6672,77
6673,25
6674,99
6675,6
6676,287
6677,48
6678,17
6679,48
6680,20
6681,7
6682,8
6683,15
6684,8
6685,34
6687,3
6688,10
6689,21
6690,2
6691,10
6692,24
6693,78
6694,11
6695,21
6696,141
6697,10
6698,3
6699,15
6700,3
6701,1
6702,107
6703,4
6704,33
6705,23
6707,14
6708,16
6709,12
6710,23
6711,28
6712,20
6713,3
6714,10
6715,24
6716,20
6717,12
6718,19
6719,12
6720,58
6721,5
6722,142
6723,9
6724,6
6725,20
6726,16
6727,8
6728,14
6729,8
6730,9
6731,8
6732,26
6733,9
6734,17
6735,14
6736,13
6737,18
6738,140
6739,6
6740,8
6741,12
6742,3
6743,19
6744,37
6745,7
6746,1
6747,9
6748,260
6749,281
6750,13
6751,28
6752,15
6753,15
6754,19
6755,30
6756,24
6757,1
6758,23
6760,35
6761,36
6762,32
6763,18
6764,34
6765,12
6766,19
6767,3
6768,23
6769,16
6770,15
6771,14
6772,8
6773,13
6774,24
6775,10
6776,146
6777,19
6778,14
6779,19
6780,7
6781,21
6782,5
6783,7
6784,67
6785,8
6786,15
6787,137
6788,12
6789,13
6790,16
6791,7
6792,77
6793,38
6794,8
6795,17
6796,29
6797,129
6798,3
6799,3
6800,44
6801,9
6802,10
6803,13
6804,12
6806,19
6807,9
6809,12
6810,20
6811,5
6812,32
6813,5
6814,5
6815,4
6816,7
6817,41
6818,12
6819,31
6820,45
6821,33
6822,16
6823,7
6824,21
6825,17
6826,11
6827,58
6828,32
6829,19
6830,52
6831,79
6832,17
6833,2
6834,72
6835,1
6836,24
6837,36
6838,1
6839,62
6840,143
6841,18
6842,4
6843,8
6844,20
6845,30
6846,301
6847,12
6848,13
6849,12
6850,23
6851,1
6852,97
6853,13
6854,23
6855,31
6856,39
6857,18
6858,29
6859,173
6860,29
6861,35
6862,18
6863,22
6864,39
6865,19
6866,8
6867,13
6868,1
6869,1
6870,3
6871,12
6872,44
6873,3
6874,14
6875,37
6876,14
6877,114
6878,21
6879,164
6880,41
6881,6
6882,2
6883,5
6884,248
6885,154
6887,14
6888,3
6889,28
6890,1
6891,6
6892,90
6893,19
6894,6
6895,6
6896,3
6897,10
6898,162
6899,13
6900,4
6901,12
6902,7
6903,4
6904,13
6905,7
6906,59
6907,12
6908,124
6909,1
6910,85
6911,159
6912,34
6913,27
6914,1
6915,74
6916,19
6918,5
6919,29
6920,36
6921,11
6922,129
6923,85
6924,42
6925,5
6926,30
6927,173
6928,10
6929,89
6930,24
6931,10
6932,33
6933,19
6934,178
6935,4
6936,65
6937,31
6938,5
6939,46
6940,42
6941,3
6942,19
6943,17
6944,49
6945,127
6946,22
6947,12
6948,66
6949,14
6950,21
6951,10
6952,30
6953,147
6955,172
6956,40
6957,17
6958,16
6959,7
6960,4
6961,58
6962,110
6963,4
6964,23
6966,9
6967,8
6968,39
6969,14
6970,12
6971,12
6972,15
6973,130
6974,6
6975,6
6976,6
6977,3
6978,1
6979,15
6980,64
6981,16
6982,12
6983,16
6984,40
6985,36
6986,1
6987,160
6988,4
6989,12
6990,107
6991,24
6992,12
6993,11
6994,20
6995,13
6996,12
6997,13
6998,32
6999,17
7000,1
7001,4
7002,66
7003,21
7004,25
7005,51
7006,19
7007,56
7008,24
7009,18
7010,16
7011,100
7013,30
7014,108
7015,15
7016,15
7017,17
7018,9
7019,15
7020,13
7021,9
7022,18
7023,1
7024,6
7025,18
7026,4
7028,48
7029,193
7030,17
7031,26
7032,22
7033,79
7034,4
7035,314
7036,6
7037,16
7038,92
7039,34
7040,20
7041,96
7042,2
7043,7
7044,10
7045,11
7046,17
7047,23
7048,19
7049,35
7050,16
7051,18
7052,16
7053,9
7054,22
7055,6
7056,8
7057,18
7058,58
7059,13
7060,2
7061,57
7062,13
7063,37
7064,230
7065,7
7066,31
7067,14
7068,67
7069,18
7070,11
7071,18
7072,7
7073,74
7074,13
7075,22
7076,1
7077,75
7078,13
7079,49
7080,18
7081,78
7082,18
7083,3
7084,13
7085,21
7086,13
7087,26
7088,14
7089,10
7090,19
7091,17
7092,59
7093,48
7094,68
7095,34
7096,12
7097,14
7098,49
7099,15
7100,34
7101,11
7102,175
7103,142
7104,3
7105,17
7106,26
7108,229
7109,23
7110,1
7111,10
7112,33
7113,33
7114,203
7115,161
7116,41
7117,37
7118,10
7120,1
7121,19
7122,5
7123,58
7124,10
7125,17
7126,6
7127,17
7128,15
7129,25
7130,11
7131,8
7132,19
7133,6
7134,19
7135,14
7136,8
7137,3
7138,35
7139,20
7140,15
7141,10
7142,230
7143,28
7144,11
7145,36
7146,26
7147,42
7148,15
7149,87
7150,16
7151,175
7152,27
7153,3
7154,72
7155,67
7156,29
7157,2
7158,19
7159,26
7160,5
7161,10
7162,40
7163,19
7164,25
7165,64
7166,7
7167,36
7168,1
7169,14
7171,97
7172,7
7174,18
7175,14
7176,13
7177,5
7178,11
7179,30
7180,46
7181,12
7182,13
7183,60
7184,12
7185,9
7186,77
7187,1
7188,8
7189,1
7190,25
7191,94
7192,40
7193,22
7194,6
7195,1
7196,4
7197,14
7198,23
7199,24
7200,8
7202,6
7203,14
7204,19
7205,13
7206,32
7207,5
7208,109
7209,2
7211,2
7212,5
7213,2
7214,25
7215,24
7216,21
7217,25
7218,25
7219,40
7220,162
7221,105
7222,7
7223,18
7224,41
7225,13
7226,17
7227,5
7228,5
7229,12
7230,20
7231,20
7232,25
7233,64
7234,14
7235,20
7236,23
7237,18
7238,3
7239,6
7240,5
7241,12
7242,32
7243,83
7244,125
7245,7
7246,42
7247,16
7248,14
7249,9
7250,57
7251,7
7252,37
7253,32
7254,1
7255,2
7256,9
7257,5
7258,15
7259,35
7260,17
7261,22
7262,30
7263,19
7264,97
7265,11
7266,12
7267,8
7268,5
7269,2
7270,64
7271,14
7272,6
7273,27
7274,4
7275,1
7276,28
7277,114
7278,20
7279,11
7280,32
7281,28
7282,55
7283,23
7284,45
7285,9
7287,17
7288,15
7289,16
7290,22
7292,6
7293,3
7294,24
7295,170
7296,1
7297,64
7298,264
7299,2
7300,17
7301,19
7302,9
7303,4
7304,5
7305,10
7306,60
7307,26
7308,14
7309,3
7310,42
7311,10
7312,12
7313,17
7314,16
7315,132
7316,51
7317,4
7318,139
7319,136
7320,33
7321,9
7322,4
7323,37
7324,4
7325,70
7326,59
7327,19
7328,14
7329,29
7330,11
7331,34
7332,63
7333,10
7334,3
7335,20
7336,9
7337,11
7338,4
7339,7
7340,1
7341,8
7342,1
7343,6
7344,7
7345,1
7346,46
7347,13
7348,12
7349,18
7350,23
7351,2
7352,8
7353,7
7354,44
7355,11
7356,32
7357,65
7359,14
7360,9
7361,13
7362,42
7363,14
7364,17
7365,19
7366,5
7367,4
7368,14
7369,47
7370,43
7371,231
7372,3
7373,14
7374,18
7376,36
7377,21
7378,93
7379,31
7380,12
7381,154
7382,70
7383,19
7384,7
7385,195
7386,35
7387,3
7388,5
7389,3
7390,4
7391,4
7392,8
7394,17
7395,27
7396,13
7397,16
7398,9
7399,14
7400,15
7401,10
7402,194
7403,18
7404,37
7405,13
7406,6
7407,6
7408,66
7409,7
7410,2
7411,20
7412,24
7413,3
7414,2
7415,299
7416,7
7417,47
7418,11
7419,33
7420,122
7421,3
7422,215
7423,14
7424,29
7425,10
7426,8
7427,114
7428,64
7429,18
7430,8
7431,6
7432,38
7433,28
7434,38
7435,11
7436,68
7438,11
7439,66
7440,111
7441,29
7442,2
7443,8
7444,8
7445,12
7446,30
7447,18
7448,7
7449,41
7450,6
7451,14
7452,12
7453,13
7454,4
7455,7
7456,40
7457,4
7458,10
7459,25
7460,10
7461,30
7462,1
7463,26
7464,24
7465,6
7466,5
7467,6
7468,48
7469,81
7470,6
7471,35
7472,8
7473,244
7474,17
7475,10
7476,64
7477,26
7478,38
7480,14
7481,22
7482,24
7483,12
7484,35
7485,9
7486,12
7487,7
7488,18
7489,13
7490,22
7491,8
7492,27
7494,19
7495,55
7496,19
7497,102
7498,1
7499,30
7500,4
7501,13
7502,5
7503,14
7504,22
7505,40
7506,202
7507,30
7508,23
7509,15
7510,1
7511,3
7512,14
7513,10
7514,9
7515,43
7516,26
7517,16
7518,25
7519,7
7520,51
7521,37
7522,23
7523,137
7524,44
7525,20
7526,164
7527,8
7528,32
7529,1
7530,21
7531,7
7532,26
7533,2
7534,2
7535,64
7536,1
7537,40
7538,2
7539,8
7540,95
7541,4
7542,20
7543,19
7544,17
7545,8
7546,38
7547,2
7548,30
7549,17
7550,9
7551,24
7552,15
7553,27
7554,4
7555,5
7556,2
7557,8
7558,14
7559,11
7560,19
7561,6
7562,21
7563,30
7564,94
7565,7
7566,5
7567,4
7568,2
7569,75
7570,27
7571,17
7573,7
7574,5
7575,15
7576,43
7577,38
7578,80
7579,22
7580,4
7582,13
7583,9
7584,20
7585,6
7586,24
7587,18
7588,91
7590,1
7591,11
7592,8
7593,8
7594,23
7595,91
7596,108
7597,4
7598,13
7599,10
7600,3
7601,17
7602,7
7603,5
7604,15
7605,16
7606,11
7607,9
7608,8
7609,21
7610,26
7611,15
7612,29
7613,16
7614,14
7615,33
7616,13
7617,15
7618,1
7619,53
7620,17
7621,31
7622,6
7623,6
7624,20
7625,21
7626,28
7627,8
7628,26
7629,6
7630,1
7631,181
7632,38
7633,12
7634,18
7635,14
7636,7
7637,58
7638,2
7639,20
7640,29
7641,1
7642,2
7643,2
7644,6
7645,17
7646,221
7647,82
7648,17
7649,18
7650,57
7651,147
7652,11
7653,4
7654,20
7655,35
7656,18
7657,43
7658,1
7659,13
7660,28
7661,11
7662,35
7663,12
7664,16
7665,1
7666,126
7668,8
7669,9
7670,8
7671,113
7672,5
7673,3
7674,23
7675,119
7676,12
7677,15
7678,2
7679,20
7680,19
7681,154
7682,1
7683,1
7684,2
7685,8
7686,9
7687,12
7688,3
7689,33
7690,46
7691,44
7692,4
7693,3
7694,8
7695,4
7696,2
7697,14
7699,10
7700,14
7701,1
7703,3
7704,9
7705,6
7706,24
7707,8
7708,5
7709,8
7710,138
7711,20
7712,15
7713,8
7714,14
7715,32
7717,64
7718,1
7719,8
7720,12
7721,12
7722,8
7723,12
7724,15
7725,10
7726,6
7727,26
7728,9
7729,5
7730,2
7731,22
7732,13
7733,39
7734,24
7736,4
7737,2
7738,27
7739,34
7740,13
7741,11
7742,24
7743,13
7745,4
7746,36
7747,152
7748,9
7749,209
7750,23
7751,16
7752,48
7754,93
7755,5
7756,7
7757,3
7758,9
7759,284
7760,11
7761,51
7762,56
7763,20
7764,36
7765,98
7766,2
7767,14
7768,16
7769,71
7770,6
7771,7
7772,14
7773,10
7774,20
7775,63
7776,14
7777,7
7778,5
7779,8
7780,23
7781,30
7782,19
7783,103
7784,19
7785,23
7786,44
7787,6
7788,18
7789,1
7790,39
7791,7
7792,1
7793,210
7795,46
7796,8
7797,1
7798,9
7799,13
7800,27
7801,2
7802,11
7803,43
7804,21
7805,74
7806,46
7807,7
7808,25
7809,51
7810,4
7811,13
7812,32
7813,4
7814,24
7815,6
7816,1
7817,16
7818,60
7819,182
7820,39
7821,5
7822,3
7823,18
7824,23
7825,8
7826,10
7827,8
7828,22
7829,120
7830,104
7831,196
7832,129
7833,10
7834,15
7835,19
7837,8
7838,6
7839,4
7841,6
7842,1
7843,23
7844,36
7845,15
7846,57
7847,56
7848,26
7849,35
7850,8
7852,13
7853,24
7854,63
7855,40
7856,13
7858,13
7859,20
7860,11
7861,97
7862,32
7863,70
7864,7
7865,7
7866,14
7867,32
7868,27
7869,24
7870,47
7871,15
7872,12
7873,22
7874,37
7875,242
7876,11
7877,19
7878,3
7879,15
7880,18
7881,31
7882,2
7883,57
7884,23
7885,57
7887,14
7888,15
7889,13
7890,5
7891,39
7892,31
7893,5
7894,4
7895,10
7896,21
7897,20
7898,32
7899,1
7900,45
7901,59
7902,92
7903,47
7904,27
7905,8
7906,11
7907,77
7908,21
7909,20
7910,17
7911,21
7912,25
7913,17
7914,6
7915,29
7916,4
7917,2
7918,4
7919,191
7920,1
7921,15
7922,13
7923,10
7924,8
7925,2
7926,1
7927,12
7929,13
7930,99
7931,2
7932,7
7933,15
7934,21
7935,24
7936,1
7937,151
7938,54
7939,6
7940,66
7941,1
7942,26
7943,28
7944,11
7945,14
7946,17
7947,4
7948,43
7950,1
7951,39
7952,20
7953,9
7954,21
7955,22
7956,3
7957,32
7958,22
7959,17
7960,12
7961,22
7962,29
7963,5
7964,7
7965,10
7966,45
7967,9
7968,21
7969,14
7970,30
7971,7
7972,64
7974,17
7975,16
7976,8
7977,136
7978,33
7979,3
7980,17
7981,11
7982,42
7983,13
7984,97
7985,12
7986,17
7987,2
7988,5
7989,10
7990,48
7992,70
7993,27
7994,15
7995,1
7996,17
7997,7
7998,19
7999,3
8000,5
8001,31
8002,8
8003,63
8004,10
8005,17
8006,9
8007,11
8008,18
8009,13
8010,13
8011,3
8012,3
8013,21
8014,49
8015,56
8016,32
8017,17
8018,1
8019,2
8020,7
8021,8
8022,184
8023,45
8024,11
8025,33
8027,31
8028,3
8030,9
8031,2
8032,33
8033,9
8035,39
8036,6
8037,22
8038,1
8039,21
8040,5
8041,9
8042,22
8043,3
8044,4
8045,18
8046,7
8047,3
8048,10
8049,43
8050,1
8051,16
8052,1
8053,32
8054,6
8055,8
8056,17
8057,71
8058,34
8059,41
8060,2
8061,190
8062,4
8063,10
8064,11
8065,126
8066,18
8067,11
8069,13
8070,30
8071,10
8072,10
8073,23
8075,13
8076,18
8077,57
8078,17
8079,2
8080,21
8081,36
8082,26
8083,14
8084,16
8085,10
8086,18
8087,10
8088,12
8089,13
8090,55
8091,7
8092,23
8093,27
8094,5
8095,7
8096,8
8097,45
8098,45
8099,22
8100,7
8102,9
8103,24
8104,26
8105,17
8106,2
8107,185
8108,11
8109,18
8110,20
8111,4
8112,9
8113,46
8114,11
8115,9
8116,21
8117,60
8118,43
8119,22
8120,17
8121,10
8122,11
8123,10
8124,8
8125,16
8126,31
8127,9
8128,3
8129,16
8130,7
8131,26
8132,5
8133,6
8134,13
8135,10
8136,2
8137,6
8138,16
8139,2
8141,50
8142,44
8143,46
8144,3
8145,4
8147,43
8148,19
8149,9
8150,20
8151,19
8152,16
8153,12
8154,11
8155,67
8156,11
8157,5
8158,5
8159,19
8160,17
8161,14
8162,1
8163,3
8164,13
8165,47
8166,13
8168,21
8169,2
8170,4
8171,1
8172,23
8173,7
8174,34
8175,6
8176,12
8177,6
8178,2
8179,6
8180,16
8181,19
8182,10
8183,134
8184,12
8185,68
8186,16
8187,11
8188,24
8189,11
8190,53
8191,16
8192,13
8193,20
8194,4
8195,21
8196,11
8197,21
8198,25
8199,20
8200,109
8201,16
8202,6
8203,63
8204,3
8205,11
8206,31
8207,3
8208,6
8209,110
8210,228
8211,97
8212,68
8213,16
8214,14
8215,22
8216,9
8217,13
8218,17
8219,41
8220,3
8221,5
8222,5
8223,10
8224,27
8225,21
8226,86
8227,2
8228,37
8229,12
8230,8
8231,1
8232,26
8233,8
8234,16
8235,6
8236,8
8237,14
8238,24
8239,58
8240,83
8241,108
8242,2
8243,11
8244,2
8245,22
8246,5
8247,53
8248,12
8249,16
8250,9
8251,143
8252,22
8253,1
8254,16
8255,11
8256,6
8257,18
8258,10
8260,13
8262,47
8264,3
8265,14
8266,12
8267,14
8268,3
8269,16
8270,2
8271,9
8272,9
8273,80
8274,2
8275,18
8276,3
8277,27
8278,162
8281,223
8282,12
8283,4
8284,59
8285,36
8286,13
8287,6
8288,119
8289,10
8290,19
8291,124
8292,1
8293,12
8294,10
8295,2
8296,4
8297,19
8298,13
8299,22
8300,9
8301,265
8302,14
8303,10
8304,10
8305,13
8306,25
8307,13
8308,15
8309,16
8310,3
8311,51
8313,68
8314,6
8315,2
8316,13
8317,23
8318,16
8319,25
8320,19
8321,13
8322,3
8323,5
8324,54
8325,36
8326,46
8327,15
8328,20
8329,7
8330,5
8331,5
8332,10
8333,17
8334,28
8335,227
8336,23
8337,8
8338,24
8339,11
8340,19
8341,33
8342,26
8343,12
8344,6
8345,13
8346,6
8347,15
8348,4
8349,43
8350,17
8351,28
8352,60
8353,8
8354,14
8355,6
8356,2
8357,3
8358,12
8359,3
8360,15
8361,3
8362,111
8363,12
8364,313
8366,16
8367,12
8368,22
8370,28
8371,5
8372,65
8373,1
8374,8
8376,49
8377,7
8378,4
8379,10
8380,12
8381,10
8382,21
8383,4
8384,10
8385,54
8386,11
8387,12
8388,16
8389,14
8390,28
8391,10
8392,7
8393,59
8394,6
8395,206
8396,6
8397,2
8398,42
8400,12
8401,7
8402,70
8403,9
8404,18
8405,1
8406,3
8407,51
8408,5
8409,23
8410,17
8411,11
8412,17
8413,10
8414,14
8415,14
8416,1
8417,40
8418,296
8419,199
8420,6
8421,23
8422,36
8423,8
8424,1
8425,27
8427,15
8428,4
8429,17
8430,15
8431,3
8432,1
8433,14
8434,13
8435,121
8436,7
8437,86
8438,2
8439,32
8440,13
8441,4
8442,11
8443,8
8444,76
8445,17
8446,1
8447,16
8448,8
8449,15
8450,37
8451,8
8452,29
8453,29
8454,15
8455,12
8456,34
8457,37
8458,10
8459,18
8460,17
8461,4
8462,37
8463,15
8464,9
8465,4
8466,18
8467,15
8468,2
8469,6
8470,4
8471,14
8472,17
8473,2
8474,16
8475,5
8476,3
8477,2
8478,17
8479,23
8480,7
8481,10
8482,6
8483,19
8484,13
8485,27
8486,219
8487,13
8488,29
8489,23
8490,32
8491,277
8492,34
8493,21
8494,3
8495,6
8496,124
8497,158
8498,22
8499,14
8500,1
8501,21
8502,27
8503,1
8504,3
8505,4
8506,8
8507,10
8508,14
8509,5
8510,16
8511,31
8512,13
8514,35
8515,11
8516,9
8517,20
8518,32
8519,38
8520,38
8521,18
8523,44
8524,17
8525,188
8526,11
8527,22
8528,3
8529,2
8530,14
8531,36
8532,22
8533,20
8534,3
8535,1
8536,9
8537,38
8538,22
8539,6
8540,42
8542,5
8543,17
8544,7
8545,9
8546,1
8547,32
8548,14
8549,2
8550,3
8551,7
8552,25
8553,1
8555,31
8556,69
8557,16
8558,12
8559,16
8560,28
8561,33
8562,101
8563,33
8564,37
8565,2
8566,16
8567,30
8568,14
8569,17
8570,18
8571,22
8572,30
8573,6
8574,4
8575,1
8576,14
8577,56
8578,5
8579,13
8580,13
8581,15
8582,58
8583,7
8584,16
8585,10
8586,21
8587,34
8588,22
8589,17
8590,32
8591,38
8592,4
8593,15
8594,28
8595,3
8596,3
8597,39
8598,3
8599,15
8600,12
8601,10
8602,1
8603,13
8604,15
8605,6
8606,12
8607,10
8608,123
8609,19
8611,3
8612,7
8613,3
8614,10
8615,24
8616,18
8617,139
8618,25
8619,8
8620,9
8621,18
8622,19
8623,1
8624,17
8625,5
8626,22
8627,8
8628,43
8629,10
8630,143
8631,13
8632,10
8633,5
8634,7
8635,24
8636,10
8637,1
8638,13
8639,35
8640,26
8641,17
8642,23
8643,3
8644,17
8645,11
8646,15
8647,177
8648,16
8649,41
8650,5
8651,106
8652,61
8653,6
8654,10
8655,9
8656,6
8657,5
8658,19
8659,4
8660,9
8661,15
8662,11
8663,52
8665,16
8666,24
8667,31
8668,4
8669,63
8670,16
8671,278
8672,100
8673,37
8674,133
8675,37
8676,9
8678,38
8680,2
8681,2
8682,33
8683,35
8684,115
8685,52
8686,34
8687,6
8688,11
8689,3
8690,14
8691,120
8692,8
8693,54
8694,2
8695,3
8696,98
8697,117
8698,224
8699,19
8701,25
8702,6
8703,22
8704,34
8705,174
8706,24
8707,13
8708,3
8709,9
8710,5
8711,28
8712,25
8713,32
8714,14
8715,12
8716,24
8717,13
8718,22
8719,9
8720,163
8721,5
8722,15
8723,17
8724,14
8725,30
8727,9
8728,19
8729,11
8730,3
8731,11
8732,36
8733,19
8734,20
8735,9
8736,24
8737,14
8738,1
8739,188
8741,16
8742,6
8743,8
8744,21
8745,53
8746,27
8747,12
8748,7
8749,4
8750,13
8751,204
8752,10
8753,24
8754,10
8755,11
8756,7
8757,8
8758,3
8759,36
8760,3
8761,26
8762,18
8763,15
8764,7
8765,8
8766,13
8767,5
8768,1
8769,1
8770,9
8771,2
8772,10
8773,2
8774,13
8775,12
8776,11
8777,18
8778,6
8779,8
8780,25
8781,6
8782,16
8783,24
8784,5
8785,5
8786,27
8787,2
8788,7
8789,8
8790,9
8791,71
8792,4
8793,9
8794,69
8795,16
8796,36
8797,133
8798,8
8799,21
8800,16
8801,22
8802,81
8803,27
8805,4
8806,12
8807,2
8808,10
8809,8
8810,91
8811,5
8812,32
8813,9
8814,29
8815,7
8816,272
8818,8
8819,13
8820,54
8821,17
8822,14
8823,22
8824,8
8825,19
8826,7
8827,11
8828,72
8829,19
8831,33
8832,9
8833,148
8834,6
8835,42
8836,44
8837,8
8838,13
8839,88
8840,126
8841,6
8842,15
8843,8
8844,19
8845,20
8846,62
8847,4
8848,11
8849,2
8851,4
8852,47
8853,16
8854,2
8855,73
8856,9
8857,37
8858,24
8859,8
8860,17
8861,6
8862,7
8863,12
8864,4
8865,28
8866,8
8867,15
8868,29
8869,7
8871,13
8872,91
8873,4
8874,9
8875,18
8876,13
8877,35
8878,9
8879,14
8880,19
8881,8
8882,15
8883,12
8884,9
8885,18
8886,22
8888,41
8889,13
8890,12
8891,7
8892,15
8893,13
8894,9
8895,14
8896,27
8897,18
8898,10
8899,14
8900,20
8901,27
8902,14
8903,9
8904,22
8905,81
8906,4
8907,36
8908,3
8909,20
8910,5
8912,3
8913,10
8915,11
8916,14
8917,7
8918,94
8919,44
8920,29
8921,42
8922,35
8923,5
8924,9
8925,4
8926,16
8927,57
8928,1
8929,7
8930,16
8931,50
8932,42
8933,9
8934,7
8935,1
8936,8
8937,25
8938,18
8940,12
8941,206
8942,55
8943,19
8944,6
8945,27
8946,10
8947,42
8948,118
8949,6
8950,61
8951,7
8952,7
8953,9
8954,13
8955,6
8956,14
8957,79
8958,7
8959,46
8960,13
8961,25
8962,22
8963,17
8964,24
8965,6
8966,17
8967,6
8968,273
8969,37
8970,17
8971,19
8973,147
8974,6
8975,19
8976,201
8977,13
8978,7
8979,51
8980,3
8981,30
8983,18
8984,33
8985,40
8986,2
8987,15
8988,9
8989,12
8990,31
8992,25
8993,5
8994,10
8995,282
8996,11
8997,11
8998,23
8999,59
9000,27
9001,11
9002,62
9003,8
9004,16
9005,124
9006,2
9007,29
9008,138
9009,7
9011,5
9012,28
9013,103
9014,9
9015,11
9016,1
9017,25
9018,39
9019,26
9020,98
9021,58
9022,192
9023,1
9024,3
9025,24
9026,1
9027,52
9028,15
9029,76
9030,13
9031,10
9032,89
9033,55
9034,100
9035,44
9036,29
9037,16
9038,6
9040,4
9041,6
9042,2
9044,7
9045,29
9046,11
9047,16
9048,9
9050,19
9051,7
9052,1
9053,25
9055,13
9056,6
9057,48
9058,26
9059,8
9060,2
9061,62
9062,52
9063,13
9064,20
9065,59
9066,23
9067,15
9068,29
9069,23
9070,2
9071,16
9072,5
9073,200
9074,17
9075,6
9076,6
9077,29
9078,11
9079,15
9080,26
9081,4
9082,38
9084,27
9085,70
9086,7
9087,2
9088,16
9089,5
9090,47
9091,37
9092,14
9093,53
9094,11
9095,14
9096,62
9097,7
9098,5
9099,25
9100,23
9101,1
9102,11
9103,49
9104,10
9105,5
9106,43
9107,6
9108,39
9109,7
9110,16
9111,16
9112,2
9113,15
9114,168
9115,27
9116,16
9117,22
9118,10
9119,3
9120,1
9121,8
9122,5
9123,1
9124,14
9125,19
9126,3
9127,198
9128,12
9129,26
9130,4
9131,24
9132,20
9133,180
9134,39
9135,25
9136,21
9137,21
9138,8
9139,40
9140,7
9141,18
9142,38
9143,15
9144,3
9145,19
9146,62
9147,10
9148,7
9149,12
9150,12
9151,20
9152,9
9153,13
9154,43
9155,3
9156,11
9157,25
9158,21
9159,32
9160,23
9161,140
9162,1
9163,14
9164,25
9165,11
9166,8
9167,7
9168,17
9169,20
9170,148
9171,52
9172,14
9173,8
9174,13
9175,8
9176,21
9177,26
9178,11
9179,8
9180,2
9181,78
9182,8
9183,7
9184,20
9185,8
9186,116
9187,2
9188,7
9189,118
9190,48
9191,19
9192,3
9193,23
9194,28
9195,4
9196,11
9197,21
9198,11
9199,3
9200,4
9201,21
9202,18
9203,15
9204,36
9206,2
9207,20
9208,8
9209,9
9210,24
9211,220
9212,180
9213,108
9214,12
9215,24
9216,22
9217,132
9218,13
9219,13
9220,32
9221,17
9222,45
9224,3
9225,49
9226,15
9227,2
9228,8
9229,22
9230,4
9231,14
9232,45
9233,14
9234,10
9235,199
9236,21
9237,8
9238,11
9239,5
9240,57
9241,36
9242,15
9243,262
9244,10
9245,8
9246,25
9247,12
9248,10
9249,8
9250,8
9251,15
9252,245
9253,9
9254,17
9255,117
9256,39
9257,20
9258,24
9259,6
9260,14
9261,4
9262,236
9263,74
9264,6
9265,1
9266,117
9267,4
9268,16
9269,9
9270,2
9271,30
9273,19
9274,11
9275,92
9276,9
9277,3
9278,14
9279,30
9280,2
9281,1
9282,5
9283,40
9284,30
9285,9
9286,1
9287,9
9288,3
9289,39
9290,6
9291,5
9292,11
9293,6
9294,1
9295,9
9297,118
9298,13
9299,51
9300,25
9301,9
9302,20
9303,43
9304,19
9305,15
9306,5
9307,157
9308,3
9309,11
9310,4
9311,6
9313,10
9314,22
9315,5
9316,114
9317,46
9318,44
9319,28
9320,79
9321,10
9322,20
9323,61
9324,13
9325,1
9326,14
9327,7
9328,19
9329,18
9330,2
9331,14
9333,11
9334,9
9335,9
9336,23
9337,7
9338,6
9339,19
9340,15
9341,5
9342,13
9343,61
9344,19
9346,5
9347,19
9348,57
9349,1
9350,11
9351,42
9352,17
9353,37
9354,62
9355,12
9356,32
9357,156
9358,11
9359,15
9360,9
9361,29
9362,20
9363,8
9364,22
9365,4
9366,18
9367,5
9368,1
9369,9
9370,12
9371,50
9372,10
9373,4
9374,33
9375,48
9376,5
9377,72
9378,20
9379,24
9380,6
9381,7
9382,20
9383,19
9384,1
9385,23
9386,9
9387,17
9388,15
9389,18
9390,2
9391,7
9392,43
9393,10
9395,9
9396,11
9397,27
9398,18
9399,10
9400,2
9401,28
9402,2
9403,16
9404,6
9405,7
9406,45
9407,1
9408,22
9409,10
9410,7
9411,16
9412,6
9413,66
9414,5
9415,17
9416,27
9417,9
9418,23
9419,43
9420,3
9421,22
9422,9
9423,6
9424,20
9425,3
9426,20
9427,12
9428,42
9429,21
9430,17
9431,17
9432,58
9433,12
9435,7
9436,2
9437,11
9438,18
9439,3
9440,9
9441,17
9442,7
9443,9
9444,50
9445,36
9446,22
9447,6
9448,13
9450,4
9451,21
9452,12
9453,94
9454,18
9455,24
9456,9
9457,49
9458,123
9459,18
9460,5
9461,29
9462,11
9463,26
9464,9
9465,24
9466,18
9467,34
9468,12
9469,14
9470,31
9471,38
9472,4
9473,109
9474,16
9475,318
9477,101
9478,13
9479,44
9480,1
9482,17
9483,52
9484,42
9485,13
9486,3
9487,12
9488,45
9489,100
9490,9
9491,11
9492,30
9493,28
9494,9
9495,39
9496,73
9497,3
9498,2
9499,11
9500,111
9501,13
9502,16
9503,109
9504,8
9505,13
9506,13
9507,18
9508,18
9509,3
9510,1
9511,8
9512,13
9513,8
9514,17
9515,19
9516,6
9517,4
9518,16
9519,11
9520,130
9521,7
9522,29
9523,28
9524,37
9525,14
9526,20
9527,9
9528,24
9529,8
9530,54
9531,37
9532,3
9533,9
9534,9
9535,2
9536,133
9537,12
9538,4
9539,12
9540,3
9541,31
9542,41
9543,3
9544,143
9545,22
9546,24
9547,34
9548,3
9549,47
9550,3
9551,15
9552,212
9553,18
9554,21
9555,5
9556,113
9557,48
9558,2
9559,5
9560,21
9561,6
9562,17
9563,11
9564,28
9565,8
9566,15
9567,49
9568,9
9569,19
9570,211
9571,1
9572,3
9573,10
9574,11
9575,122
9576,6
9578,30
9579,9
9580,22
9581,4
9582,5
9583,25
9584,3
9585,258
9586,8
9587,8
9588,8
9589,1
9590,5
9591,29
9592,131
9593,5
9594,24
9595,4
9597,34
9598,2
9599,11
9600,9
9602,1
9603,118
9604,2
9605,16
9606,6
9608,2
9609,3
9610,14
9611,12
9612,7
9613,169
9614,307
9615,41
9616,13
9617,11
9618,29
9619,5
9620,27
9621,37
9622,47
9623,12
9624,10
9625,1
9626,25
9627,17
9628,3
9629,30
9630,20
9631,14
9632,99
9633,16
9634,6
9635,14
9636,51
9637,150
9638,12
9639,40
9640,271
9641,3
9642,76
9643,37
9644,14
9645,2
9646,21
9647,35
9648,16
9649,86
9650,3
9651,11
9652,35
9653,7
9654,29
9655,5
9656,5
9657,3
9658,16
9659,10
9660,10
9662,6
9663,305
9664,160
9665,28
9666,7
9667,21
9668,17
9669,27
9670,11
9671,15
9672,5
9673,12
9674,18
9675,6
9676,3
9677,13
9678,20
9679,11
9680,58
9681,89
9682,19
9683,21
9684,15
9685,5
9686,26
9687,9
9688,33
9689,20
9690,24
9691,1
9692,2
9693,26
9694,5
9695,26
9696,46
9697,11
9698,12
9699,15
9700,1
9701,70
9702,6
9703,6
9704,286
9705,4
9706,4
9707,26
9708,13
9709,6
9710,42
9711,16
9712,38
9713,29
9714,24
9715,16
9716,19
9717,14
9718,84
9719,12
9720,6
9721,16
9722,85
9723,32
9724,4
9725,25
9726,1
9727,21
9728,1
9729,48
9730,9
9731,12
9732,2
9733,50
9734,15
9735,12
9736,21
9737,50
9738,1
9739,8
9740,16
9741,9
9742,11
9743,16
9745,1
9746,11
9747,25
9748,10
9749,8
9750,12
9751,11
9752,13
9753,9
9754,11
9755,13
9756,12
9757,12
9758,23
9759,5
9760,3
9761,19
9762,64
9763,20
9764,1
9765,15
9766,3
9767,5
9768,100
9769,11
9770,4
9771,2
9772,128
9773,16
9775,5
9776,8
9777,2
9778,216
9779,42
9780,11
9781,3
9782,38
9783,19
9784,96
9785,8
9786,37
9787,127
9788,22
9789,4
9790,1
9791,62
9792,5
9793,5
9794,186
9796,16
9797,14
9798,67
9799,3
9800,14
9801,11
9802,9
9803,11
9805,25
9806,6
9807,15
9808,24
9809,20
9810,1
9811,17
9812,23
9813,71
9814,145
9815,27
9816,51
9817,13
9818,20
9819,2
9820,11
9821,19
9822,4
9823,9
9824,8
9825,6
9826,6
9827,18
9828,89
9829,47
9830,41
9831,5
9832,113
9833,9
9834,60
9835,32
9836,17
9837,15
9838,6
9839,19
9840,11
9841,7
9842,43
9843,15
9844,19
9845,6
9846,6
9847,10
9848,92
9849,10
9850,12
9851,29
9852,32
9853,11
9854,9
9855,4
9856,14
9857,17
9858,10
9859,5
9860,18
9861,28
9862,2
9863,23
9864,33
9865,132
9866,12
9867,10
9868,8
9869,13
9870,32
9871,18
9872,4
9873,17
9874,22
9875,8
9876,69
9877,38
9878,43
9879,22
9880,18
9881,197
9882,9
9883,58
9884,15
9885,7
9886,17
9887,22
9888,20
9889,13
9890,28
9891,15
9892,19
9893,9
9894,165
9895,3
9896,18
9897,12
9898,7
9900,11
9901,3
9902,155
9903,17
9904,19
9905,18
9906,98
9907,4
9908,21
9909,47
9910,9
9911,4
9912,4
9913,29
9914,15
9915,12
9917,12
9918,21
9919,1
9920,15
9921,10
9922,3
9923,39
9924,31
9925,5
9926,24
9927,110
9928,85
9929,3
9930,7
9931,11
9932,13
9933,22
9934,8
9935,12
9936,8
9937,10
9938,46
9939,11
9940,17
9941,21
9942,88
9943,41
9944,69
9945,10
9946,71
9947,134
9948,32
9949,14
9950,19
9951,257
9952,16
9953,16
9954,17
9955,6
9956,2
9957,12
9958,29
9959,3
9960,109
9961,15
9962,3
9963,12
9965,27
9966,24
9967,36
9968,3
9969,29
9970,29
9971,28
9972,2
9973,30
9974,40
9975,79
9976,20
9977,16
9978,22
9979,61
9980,9
9981,12
9982,9
9983,14
9984,106
9985,2
9987,21
9988,17
9989,13
9990,6
9991,8
9992,6
9993,5
9994,18
9995,4
9996,11
9997,11
9998,18
9999,13
10000,27
10001,311
10002,30
10003,10
10004,8
10005,15
10006,10
10007,141
10008,30
10009,20
10010,2
10011,17
10013,11
10014,116
10015,22
10016,34
10017,3
10018,24
10019,23
10020,67
10021,137
10022,123
10023,14
10024,205
10025,10
10026,11
10027,15
10028,15
10029,13
10030,12
10031,26
10032,20
10033,22
10034,40
10035,17
10036,39
10037,13
10038,7
10039,14
10040,30
10041,39
10042,5
10043,23
10044,25
10045,36
10046,41
10047,25
10048,53
10051,32
10052,5
10053,4
10054,6
10055,4
10056,14
10057,10
10058,11
10059,7
10060,2
10061,13
10062,24
10063,11
10064,62
10065,24
10066,22
10067,4
10068,33
10069,1
10070,9
10071,4
10072,82
10073,8
10074,65
10075,4
10076,11
10077,15
10078,66
10079,66
10081,118
10082,6
10083,28
10084,12
10085,10
10086,11
10087,45
10088,13
10089,4
10090,21
10091,15
10092,41
10093,61
10095,17
10096,15
10097,34
10098,19
10099,136
10100,14
10101,1
10102,6
10103,294
10104,3
10105,14
10106,9
10107,57
10108,6
10109,20
10110,21
10111,8
10112,154
10113,18
10114,24
10115,18
10116,15
10117,18
10118,2
10120,60
10121,11
10122,15
10123,6
10124,25
10125,22
10126,4
10128,6
10129,7
10130,111
10131,54
10132,2
10133,17
10134,15
10135,31
10136,12
10137,21
10138,15
10139,2
10140,26
10141,11
10142,25
10143,34
10144,7
10145,29
10146,22
10147,21
10148,45
10149,11
10150,32
10151,17
10153,10
10154,11
10155,15
10156,13
10157,14
10158,18
10159,7
10160,15
10161,33
10162,5
10164,18
10165,9
10166,9
10167,14
10168,7
10169,17
10170,46
10171,10
10172,217
10173,85
10174,15
10175,62
10176,12
10177,13
10178,9
10179,18
10180,71
10181,144
10182,47
10183,5
10184,2
10185,3
10186,115
10187,23
10188,14
10189,13
10190,35
10191,66
10192,9
10193,6
10194,3
10195,22
10196,8
10197,4
10198,9
10199,7
10200,12
10201,8
10202,9
10204,13
10205,65
10206,1
10207,27
10208,12
10209,8
10210,109
10211,21
10212,10
10213,13
10214,75
10215,4
10216,12
10217,4
10218,4
10219,48
10220,10
10221,1
10222,6
10223,18
10224,7
10225,10
10226,6
10227,10
10228,2
10229,11
10230,5
10231,32
10232,14
10233,16
10234,11
10235,30
10236,22
10237,24
10238,4
10239,14
10240,16
10241,1
10242,20
10243,28
10244,21
10245,9
10246,16
10247,19
10248,12
10249,72
10250,35
10251,7
10252,15
10253,22
10254,9
10255,15
10256,12
10257,4
10258,1
10259,26
10260,25
10261,46
10262,13
10263,35
10264,10
10265,8
10266,20
10267,37
10268,15
10269,30
10270,4
10271,14
10272,20
10273,21
10274,24
10275,40
10276,25
10277,55
10278,19
10279,20
10280,19
10281,30
10282,52
10283,10
10284,24
10285,4
10286,5
10287,37
10288,4
10289,7
10290,77
10291,6
10292,158
10293,12
10294,1
10295,19
10296,14
10297,8
10298,134
10299,5
10300,21
10301,21
10302,51
10303,9
10304,2
10305,4
10306,114
10307,3
10309,216
10310,183
10311,10
10312,34
10313,9
10315,4
10316,10
10317,32
10318,4
10319,5
10320,25
10321,6
10322,23
10323,20
10324,22
10325,2
10326,43
10327,107
10328,19
10329,1
10330,2
10331,23
10332,15
10333,16
10334,4
10335,3
10336,9
10337,18
10338,30
10339,21
10340,25
10341,11
10342,6
10343,21
10344,2
10345,26
10346,14
10347,38
10348,101
10349,9
10350,21
10351,5
10352,12
10353,42
10354,13
10355,18
10356,23
10357,2
10358,12
10359,19
10360,5
10361,25
10362,17
10363,146
10364,92
10365,18
10366,15
10367,17
10368,3
10369,11
10370,1
10371,5
10372,34
10373,15
10374,11
10375,232
10376,13
10377,15
10378,4
10379,17
10380,9
10381,164
10382,44
10383,112
10384,18
10385,22
10386,5
10387,14
10388,7
10389,23
10390,12
10391,40
10392,2
10393,27
10394,24
10395,22
10396,11
10397,10
10398,2
10399,18
10400,26
10401,9
10402,22
10403,16
10404,76
10405,22
10406,8
10407,7
10408,3
10409,60
10410,24
10411,8
10412,13
10413,18
10414,18
10415,27
10416,30
10417,11
10418,13
10419,98
10420,7
10421,43
10422,5
10423,13
10424,25
10425,149
10426,38
10427,14
10428,11
10429,12
10430,8
10431,13
10432,15
10433,26
10434,18
10435,34
10436,13
10437,6
10438,22
10439,304
10440,4
10441,1
10442,55
10443,37
10444,14
10445,5
10446,12
10447,8
10448,10
10449,24
10450,10
10451,65
10452,184
10453,4
10454,7
10455,32
10456,4
10457,17
10458,6
10459,50
10460,38
10461,2
10462,6
10463,15
10464,9
10465,6
10466,7
10467,32
10468,10
10469,6
10470,3
10471,4
10472,49
10473,12
10474,163
10475,28
10476,10
10477,3
10478,31
10479,2
10480,47
10482,144
10483,6
10484,67
10485,96
10486,116
10487,11
10488,116
10489,4
10490,21
10491,4
10492,34
10493,40
10494,7
10495,5
10496,34
10497,34
10498,102
10499,68
10500,18
10501,4
10502,39
10503,7
10504,26
10506,16
10507,6
10508,11
10509,10
10510,8
10512,31
10513,53
10514,10
10515,13
10516,12
10517,8
10518,11
10519,17
10520,21
10521,15
10522,10
10523,9
10524,2
10525,117
10526,4
10527,17
10528,8
10529,25
10530,47
10531,2
10532,8
10533,10
10534,27
10535,21
10536,1
10537,14
10538,13
10539,13
10540,124
10541,4
10542,5
10543,13
10544,16
10545,26
10546,6
10547,11
10548,9
10549,10
10550,1
10551,28
10552,168
10553,15
10554,8
10555,141
10556,19
10557,18
10558,71
10559,7
10561,13
10562,25
10563,13
10564,12
10565,3
10566,27
10567,36
10568,7
10569,27
10570,18
10571,29
10572,1
10573,5
10574,14
10575,87
10576,156
10577,27
10578,7
10579,5
10580,14
10581,9
10582,6
10583,9
10584,6
10585,11
10586,1
10587,31
10588,14
10589,29
10590,48
10591,4
10592,31
10593,22
10594,20
10595,62
10596,2
10597,3
10598,12
10599,2
10600,12
10601,44
10602,6
10603,14
10604,33
10605,3
10607,35
10608,7
10609,194
10610,19
10611,14
10612,36
10613,4
10614,14
10615,9
10616,6
10617,58
10618,63
10619,26
10620,11
10621,5
10622,9
10623,98
10625,61
10626,37
10627,50
10629,31
10630,3
10631,23
10632,21
10633,12
10634,10
10635,31
10636,14
10637,1
10638,14
10639,1
10640,26
10641,17
10642,6
10643,42
10644,6
10645,1
10646,75
10647,9
10648,33
10649,1
10650,22
10651,151
10653,17
10654,12
10655,2
10656,2
10657,33
10658,78
10659,7
10660,28
10661,91
10662,136
10663,6
10664,188
10665,66
10666,13
10667,1
10668,50
10669,145
10671,25
10672,47
10673,20
10674,1
10675,5
10676,11
10677,45
10678,4
10679,20
10681,14
10682,8
10683,19
10684,3
10685,6
10686,4
10687,5
10688,17
10689,3
10690,17
10691,5
10692,25
10693,19
10694,28
10695,12
10696,22
10697,20
10698,176
10699,8
10700,7
10701,17
10702,2
10703,12
10704,23
10705,31
10706,14
10707,78
10708,95
10709,7
10710,20
10711,11
10712,17
10713,8
10714,40
10715,12
10716,7
10717,102
10718,5
10719,18
10720,22
10721,62
10722,2
10723,27
10724,12
10725,17
10726,27
10728,12
10729,16
10730,4
10731,9
10732,195
10733,16
10734,4
10735,13
10736,5
10737,6
10738,22
10739,16
10740,18
10742,67
10743,28
10744,24
10745,6
10746,28
10747,14
10748,12
10749,74
10750,21
10751,27
10752,6
10753,7
10754,6
10755,2
10756,13
10757,8
10758,12
10759,1
10760,16
10761,16
10762,67
10763,15
10765,17
10766,269
10767,2
10768,10
10769,7
10770,2
10771,12
10772,78
10773,53
10774,6
10775,19
10776,48
10777,18
10779,10
10780,30
10781,15
10782,5
10784,12
10785,18
10786,22
10787,23
10788,71
10789,11
10790,2
10791,1
10792,9
10793,5
10794,6
10795,15
10796,41
10797,2
10798,12
10799,131
10800,302
10801,8
10802,2
10803,4
10804,5
10805,33
10806,19
10807,22
10808,20
10809,2
10810,23
10811,6
10812,55
10813,18
10814,73
10815,36
10817,16
10818,43
10819,6
10820,12
10821,10
10822,27
10823,2
10824,70
10825,9
10826,18
10827,19
10828,38
10829,9
10830,22
10831,10
10832,2
10833,15
10834,84
10835,13
10836,15
10837,15
10838,1
10839,3
10840,10
10841,7
10842,57
10843,35
10844,34
10845,35
10846,2
10847,21
10848,22
10849,4
10850,32
10851,8
10852,14
10853,3
10854,5
10855,8
10856,13
10857,42
10858,28
10859,17
10860,8
10861,14
10862,233
10863,22
10864,82
10865,13
10866,9
10867,11
10868,2
10869,2
10870,27
10871,12
10872,10
10873,14
10874,4
10875,48
10876,7
10877,12
10878,11
10880,26
10881,11
10882,7
10883,14
10884,13
10885,139
10886,1
10887,13
10888,157
10889,13
10890,38
10891,10
10892,19
10893,30
10894,104
10895,15
10896,234
10897,13
10898,2
10899,25
10900,30
10901,1
10902,3
10903,16
10904,23
10905,3
10906,11
10907,5
10908,10
10909,11
10910,34
10911,37
10912,4
10913,16
10914,64
10915,12
10916,8
10917,16
10918,5
10919,12
10920,21
10921,38
10923,2
10924,61
10925,146
10926,16
10927,6
10928,17
10929,11
10930,1
10931,3
10932,21
10933,22
10934,12
10935,18
10936,92
10937,36
10938,14
10939,26
10940,36
10941,11
10942,25
10943,23
10944,11
10945,4
10946,61
10947,56
10948,39
10949,7
10950,18
10951,9
10952,16
10953,10
10954,3
10955,21
10956,73
10957,18
10958,17
10959,23
10960,30
10961,9
10962,8
10963,5
10964,25
10965,4
10966,45
10967,5
10969,16
10970,18
10971,80
10972,36
10973,77
10974,7
10975,25
10976,9
10977,1
10978,12
10979,116
10980,12
10981,7
10982,12
10983,50
10984,7
10985,9
10986,21
10987,9
10988,5
10989,20
10990,21
10991,8
10992,17
10993,16
10994,11
10995,10
10996,11
10998,6
10999,1
11000,3
11001,4
11002,20
11003,20
11004,5
11005,9
11006,9
11007,2
11008,30
11009,10
11010,5
11011,1
11012,27
11013,18
11014,70
11016,6
11017,23
11018,113
11019,8
11020,30
11021,2
11022,17
11023,26
11024,4
11025,27
11026,2
11027,5
11029,11
11030,5
11031,28
11032,5
11033,123
11034,11
11035,46
11036,28
11037,32
11038,2
11039,3
11040,8
11041,11
11042,22
11043,38
11044,33
11045,13
11046,32
11047,25
11048,211
11049,11
11050,7
11051,158
11052,199
11054,20
11055,23
11056,22
11057,3
11058,87
11059,2
11060,9
11061,10
11062,30
11063,10
11064,14
11065,16
11066,28
11067,12
11068,17
11069,12
11070,40
11071,140
11072,14
11073,3
11074,8
11075,40
11076,15
11077,86
11078,4
11079,17
11080,61
11081,21
11082,37
11084,38
11085,3
11086,20
11087,9
11088,23
11089,5
11090,54
11091,4
11092,10
11093,10
11094,17
11095,11
11096,29
11097,12
11098,27
11099,12
11100,10
11101,3
11102,33
11103,2
11104,7
11105,21
11106,45
11107,11
11108,12
11109,24
11110,153
11111,16
11112,14
11113,1
11114,1
11115,20
11116,39
11117,8
11118,6
11120,9
11121,8
11122,39
11123,13
11124,13
11125,19
11126,22
11127,116
11128,5
11130,30
11131,7
11132,15
11133,10
11134,31
11136,22
11137,3
11138,23
11139,52
11140,10
11141,14
11142,14
11143,9
11144,4
11146,12
11147,5
11148,11
11149,6
11150,174
11151,6
11152,28
11153,9
11154,3
11155,22
11156,31
11157,18
11158,4
11159,4
11160,2
11161,3
11162,1
11163,4
11164,135
11165,39
11166,2
11167,5
11168,25
11170,3
11171,14
11172,16
11173,200
11175,105
11176,2
11177,1
11178,13
11179,49
11180,16
11181,9
11182,14
11183,32
11184,26
11185,9
11186,3
11187,65
11188,10
11189,80
11190,29
11191,30
11192,14
11193,24
11194,20
11195,1
11196,69
11197,19
11198,22
11199,32
11200,15
11201,35
11202,9
11203,11
11204,3
11205,7
11206,11
11207,6
11208,9
11209,25
11210,5
11211,32
11212,26
11213,16
11214,4
11215,1
11216,69
11217,19
11218,16
11219,2
11221,10
11222,21
11223,15
11224,6
11226,55
11227,16
11228,6
11229,4
11230,6
11231,47
11232,38
11233,8
11234,21
11235,22
11237,156
11238,7
11239,11
11240,2
11241,3
11242,19
11243,24
11244,18
11245,28
11246,11
11247,4
11248,6
11249,7
11250,17
11252,13
11253,18
11254,51
11255,8
11256,20
11257,23
11258,8
11259,2
11260,11
11261,14
11262,28
11263,11
11264,4
11265,56
11266,8
11268,73
11269,22
11270,21
11271,15
11272,13
11273,3
11274,21
11275,190
11276,49
11277,26
11278,18
11279,70
11280,43
11281,7
11282,2
11283,9
11284,23
11285,1
11286,13
11287,4
11288,40
11289,26
11290,7
11291,9
11292,28
11293,2
11294,7
11295,4
11296,19
11298,41
11299,36
11300,1
11301,290
11302,39
11303,103
11305,11
11306,20
11307,15
11308,8
11309,18
11310,13
11311,11
11312,17
11313,143
11314,15
11315,22
11316,10
11317,21
11318,9
11319,66
11320,7
11321,4
11322,6
11323,22
11324,6
11325,9
11326,9
11327,42
11328,4
11329,8
11330,207
11331,3
11332,27
11333,151
11334,21
11335,14
11336,12
11338,6
11339,7
11340,10
11341,88
11342,2
11343,18
11344,8
11345,112
11346,13
11347,9
11348,17
11349,12
11350,12
11351,56
11352,6
11353,11
11354,4
11355,28
11356,122
11357,3
11359,16
11360,7
11361,2
11362,8
11363,11
11364,17
11365,20
11366,44
11367,14
11368,92
11369,24
11370,22
11371,1
11372,223
11373,51
11374,9
11375,9
11376,1
11377,30
11378,77
11379,3
11380,12
11381,81
11382,7
11383,82
11384,6
11385,19
11386,1
11387,1
11388,3
11389,3
11390,13
11391,7
11392,39
11393,6
11394,77
11395,167
11396,45
11397,29
11399,14
11400,21
11401,26
11402,18
11403,127
11404,19
11405,15
11406,9
11407,4
11408,47
11409,1
11410,171
11411,7
11412,6
11413,7
11414,13
11415,13
11416,16
11417,10
11418,12
11419,189
11420,30
11421,18
11422,8
11423,14
11424,52
11425,22
11426,34
11427,19
11428,2
11429,12
11431,11
11432,5
11433,10
11434,22
11435,10
11436,195
11437,31
11438,18
11439,15
11440,16
11441,3
11442,46
11443,93
11444,6
11445,15
11446,4
11447,1
11448,7
11449,8
11450,1
11451,125
11452,39
11453,28
11454,33
11455,25
11456,3
11457,52
11458,10
11459,13
11460,15
11461,22
11462,16
11463,22
11464,14
11465,138
11466,3
11467,22
11468,7
11469,8
11470,41
11471,6
11472,38
11473,7
11475,63
11476,17
11477,11
11478,43
11479,43
11480,27
11481,14
11482,4
11483,21
11484,1
11485,16
11486,5
11487,9
11488,13
11489,35
11490,6
11491,125
11492,10
11493,45
11494,13
11495,2
11496,7
11497,20
11498,25
11499,4
11500,39
11501,1
11502,6
11503,23
11504,232
11505,167
11506,41
11507,4
11508,25
11509,27
11510,14
11511,21
11512,8
11513,10
11514,15
11515,33
11516,9
11517,12
11518,50
11519,46
11520,15
11521,17
11522,3
11523,13
11524,16
11525,30
11526,14
11527,4
11528,24
11529,26
11530,15
11531,20
11532,6
11533,45
11534,3
11535,7
11536,13
11537,8
11538,19
11539,7
11540,11
11541,17
11542,26
11543,180
11544,33
11545,49
11546,16
11547,20
11548,23
11549,96
11550,7
11551,35
11552,6
11553,17
11554,21
11555,152
11556,34
11557,15
11558,36
11559,10
11560,6
11561,6
11562,10
11563,87
11564,149
11565,15
11566,30
11567,13
11568,5
11569,44
11570,8
11571,3
11572,45
11573,4
11574,3
11575,97
11576,35
11577,31
11578,9
11579,10
11580,7
11581,9
11582,82
11583,17
11584,10
11585,48
11586,14
11587,40
11588,38
11589,27
11590,58
11591,129
11592,15
11593,9
11594,50
11595,6
11596,9
11597,23
11598,5
11599,12
11600,10
11601,22
11603,25
11604,25
11606,5
11607,176
11608,17
11609,7
11610,39
11611,140
11612,85
11613,11
11614,11
11615,37
11616,11
11617,9
11618,3
11619,3
11620,18
11621,38
11622,17
11623,6
11624,37
11625,9
11626,3
11627,11
11628,17
11629,46
11631,2
11632,10
11633,7
11634,72
11635,7
11636,5
11637,44
11638,18
11639,21
11640,33
11641,11
11642,3
11643,103
11644,52
11645,26
11646,83
11647,7
11648,38
11649,20
11650,4
11651,4
11652,5
11653,164
11654,161
11655,53
11656,16
11657,26
11658,15
11659,107
11660,14
11661,17
11662,17
11663,183
11664,26
11665,8
11666,16
11667,11
11668,24
11669,7
11670,4
11671,9
11672,21
11673,8
11674,2
11675,86
11676,3
11677,48
11678,1
11679,108
11680,7
11681,4
11682,13
11683,32
11684,5
11685,21
11686,17
11687,16
11688,2
11689,11
11690,18
11691,57
11692,7
11693,16
11694,6
11695,179
11696,18
11697,30
11698,29
11699,10
11700,1
11701,7
11702,3
11703,16
11704,11
11705,17
11706,3
11707,101
11708,18
11709,11
11710,14
11711,31
11713,7
11714,8
11715,78
11716,5
11717,9
11718,10
11719,94
11720,21
11721,6
11722,152
11723,5
11724,22
11725,34
11726,13
11727,31
11728,9
11729,37
11730,5
11731,16
11732,33
11733,59
11734,2
11735,13
11736,8
11737,54
11738,21
11739,12
11740,7
11741,14
11742,14
11743,10
11745,15
11746,8
11747,6
11748,13
11749,14
11751,3
11752,111
11753,20
11754,12
11755,4
11756,1
11757,10
11758,19
11759,5
11760,6
11761,40
11762,4
11763,218
11765,6
11766,4
11767,8
11768,4
11769,8
11770,4
11771,17
11772,33
11773,8
11774,7
11775,32
11776,106
11777,166
11778,13
11779,32
11780,81
11781,12
11782,9
11783,19
11784,2
11785,2
11786,25
11787,5
11788,40
11789,9
11790,15
11791,46
11792,11
11793,187
11794,13
11796,6
11797,11
11798,4
11799,9
11800,2
11801,9
11802,12
11803,7
11804,2
11805,19
11806,45
11807,87
11808,8
11809,46
11810,14
11811,14
11812,6
11813,13
11814,3
11815,6
11816,27
11818,5
11819,7
11820,93
11821,96
11822,2
11823,66
11824,13
11825,17
11826,23
11827,13
11828,20
11829,10
11830,98
11831,29
11832,10
11833,15
11834,8
11837,14
11838,20
11839,31
11840,17
11841,19
11842,25
11843,8
11844,34
11845,41
11846,8
11847,1
11848,1
11849,4
11850,9
11851,18
11852,18
11853,33
11854,32
11855,15
11856,3
11857,10
11858,14
11859,30
11860,11
11861,29
11862,12
11863,25
11864,70
11865,5
11866,44
11867,20
11868,25
11869,8
11870,133
11871,21
11872,7
11873,2
11874,10
11875,26
11876,28
11877,28
11878,8
11879,20
11880,7
11881,13
11882,8
11883,41
11884,111
11885,41
11886,21
11887,7
11888,13
11889,50
11890,4
11891,23
11892,8
11893,15
11894,10
11895,8
11896,35
11897,29
11898,13
11899,8
11900,17
11901,29
11902,22
11904,5
11905,9
11906,21
11907,13
11908,16
11909,3
11910,20
11911,10
11912,10
11913,37
11914,8
11915,21
11916,11
11917,10
11918,9
11919,8
11920,15
11921,5
11922,30
11923,6
11924,44
11925,11
11926,9
11927,5
11928,25
11929,11
11930,24
11931,2
11932,22
11933,15
11934,8
11935,16
11936,45
11937,50
11938,135
11939,20
11940,37
11941,6
11942,9
11943,97
11944,6
11945,37
11946,134
11947,39
11948,17
11949,18
11950,7
11951,71
11952,61
11953,7
11954,29
11955,33
11956,3
11957,3
11958,12
11959,3
11960,1
11961,83
11962,7
11963,51
11964,95
11965,25
11966,7
11967,51
11968,5
11969,19
11970,15
11971,65
11972,6
11973,4
11974,4
11975,14
11976,14
11977,22
11978,44
11979,58
11980,15
11981,8
11982,29
11983,11
11984,17
11985,18
11986,1
11987,85
11988,13
11989,31
11990,28
11991,11
11992,23
11993,6
11995,207
11996,19
11997,3
11998,25
12000,246
